-- phpMyAdmin SQL Dump
-- version 4.9.0.1
-- https://www.phpmyadmin.net/
--
-- Host: 127.0.0.1
-- Generation Time: Sep 18, 2019 at 05:15 PM
-- Server version: 10.4.6-MariaDB
-- PHP Version: 7.3.8

SET SQL_MODE = "NO_AUTO_VALUE_ON_ZERO";
SET AUTOCOMMIT = 0;
START TRANSACTION;
SET time_zone = "+00:00";


/*!40101 SET @OLD_CHARACTER_SET_CLIENT=@@CHARACTER_SET_CLIENT */;
/*!40101 SET @OLD_CHARACTER_SET_RESULTS=@@CHARACTER_SET_RESULTS */;
/*!40101 SET @OLD_COLLATION_CONNECTION=@@COLLATION_CONNECTION */;
/*!40101 SET NAMES utf8mb4 */;

--
-- Database: `my_shop`
--

-- --------------------------------------------------------

--
-- Table structure for table `all_orders`
--

CREATE TABLE `all_orders` (
  `order_id` int(11) NOT NULL,
  `customer_id` int(11) DEFAULT NULL,
  `order_value` decimal(12,2) DEFAULT NULL,
  `order_date` date DEFAULT NULL
) ENGINE=InnoDB DEFAULT CHARSET=latin1;

--
-- Dumping data for table `all_orders`
--

INSERT INTO `all_orders` (`order_id`, `customer_id`, `order_value`, `order_date`) VALUES
(1, 20, '31.70', '2017-04-12'),
(2, 57, '260.52', '2019-08-07'),
(3, 91, '206.00', '2015-09-20'),
(4, 92, '4.40', '2016-12-06'),
(5, 11, '907.50', '2017-01-19'),
(6, 75, '559.93', '2017-10-28'),
(7, 63, '2400.00', '2016-05-07'),
(8, 65, '20.16', '2016-01-12'),
(9, 33, '396.60', '2019-04-21'),
(10, 5, '108.72', '2018-01-02'),
(11, 62, '464.70', '2016-04-14'),
(12, 52, '557.04', '2019-09-05'),
(13, 96, '69000.00', '2015-11-15'),
(14, 24, '220.00', '2018-04-04'),
(15, 94, '29.68', '2018-07-21'),
(16, 26, '307.08', '2017-12-30'),
(17, 66, '79.66', '2017-11-14'),
(18, 31, '546.60', '2016-12-25'),
(19, 76, '158.72', '2016-01-07'),
(20, 80, '184.70', '2016-02-06'),
(21, 91, '99.07', '2019-03-23'),
(22, 42, '104.84', '2019-07-03'),
(23, 89, '117.54', '2016-03-11'),
(24, 50, '704.24', '2016-12-23'),
(25, 15, '4.40', '2019-03-10'),
(26, 63, '189.68', '2018-02-19'),
(27, 84, '64.60', '2019-04-23'),
(28, 50, '10.32', '2019-03-26'),
(29, 31, '370.16', '2015-10-02'),
(30, 94, '152.95', '2017-08-29'),
(31, 60, '445.76', '2017-12-27'),
(32, 84, '94.84', '2016-12-12'),
(33, 45, '690000.00', '2017-09-15'),
(34, 15, '45.93', '2015-09-13'),
(35, 59, '767.70', '2018-10-11'),
(36, 64, '264.40', '2017-01-15'),
(37, 100, '25.84', '2017-06-24'),
(38, 100, '199.02', '2018-01-17'),
(39, 66, '164.70', '2017-02-04'),
(40, 73, '271.80', '2019-03-28'),
(41, 5, '799.90', '2018-04-27'),
(42, 51, '91.77', '2016-10-11'),
(43, 13, '680.19', '2019-06-08'),
(44, 73, '178.20', '2016-12-13'),
(45, 43, '290.32', '2016-03-27'),
(46, 86, '8.80', '2017-04-25'),
(47, 82, '346.62', '2017-11-07'),
(48, 85, '30.24', '2016-12-01'),
(49, 42, '655.84', '2018-02-08'),
(50, 29, '153.54', '2019-09-02'),
(51, 30, '39.72', '2016-07-10'),
(52, 86, '495.42', '2018-03-17'),
(53, 5, '93.42', '2018-12-02'),
(54, 95, '227.73', '2017-10-17'),
(55, 90, '64.80', '2019-05-22'),
(56, 41, '42.20', '2016-03-20'),
(57, 20, '451.15', '2016-07-04'),
(58, 80, '255.08', '2016-09-10'),
(59, 17, '394.68', '2018-07-15'),
(60, 28, '29.70', '2016-02-25'),
(61, 100, '52.42', '2017-07-31'),
(62, 71, '123.28', '2016-02-07'),
(63, 69, '328.90', '2017-04-15'),
(64, 41, '424.41', '2016-09-07'),
(65, 32, '218.70', '2019-06-25'),
(66, 11, '159.32', '2017-12-15'),
(67, 78, '519.72', '2019-05-21'),
(68, 27, '267.12', '2017-08-12'),
(69, 100, '80.48', '2017-10-04'),
(70, 46, '657.80', '2017-04-18'),
(71, 67, '79.32', '2018-04-30'),
(72, 82, '597.06', '2018-01-10'),
(73, 19, '437.04', '2018-01-01'),
(74, 64, '47.18', '2016-05-27'),
(75, 61, '410.08', '2015-11-11'),
(76, 71, '449.80', '2016-10-24'),
(77, 27, '110.82', '2018-04-08'),
(78, 99, '130.60', '2015-10-13'),
(79, 27, '181.50', '2017-07-14'),
(80, 23, '874.53', '2019-04-19'),
(81, 33, '445.76', '2015-11-25'),
(82, 83, '137.22', '2017-03-22'),
(83, 92, '3.87', '2017-10-14'),
(84, 42, '231.08', '2016-12-09'),
(85, 97, '95.10', '2018-04-01'),
(86, 6, '210.30', '2016-05-13'),
(87, 58, '676.83', '2017-10-06'),
(88, 63, '229.65', '2017-01-08'),
(89, 2, '53.28', '2018-06-21'),
(90, 17, '163.98', '2018-03-13'),
(91, 17, '573.86', '2018-06-02'),
(92, 33, '9.90', '2019-04-03'),
(93, 53, '445.76', '2018-01-19'),
(94, 15, '52.24', '2019-06-22'),
(95, 42, '153.78', '2018-03-08'),
(96, 93, '704.24', '2018-01-16'),
(97, 83, '32.30', '2018-05-09'),
(98, 97, '62.85', '2016-03-02'),
(99, 33, '263.12', '2016-10-04'),
(100, 72, '77.25', '2016-02-07'),
(101, 4, '396.28', '2016-04-11'),
(102, 97, '93.69', '2017-09-11'),
(103, 13, '63.42', '2017-10-07'),
(104, 80, '39.72', '2018-03-22'),
(105, 99, '59.71', '2016-12-31'),
(106, 18, '63.77', '2016-09-03'),
(107, 28, '10.08', '2017-12-06'),
(108, 30, '108.72', '2019-05-16'),
(109, 82, '328.05', '2015-11-17'),
(110, 59, '328.05', '2017-12-15'),
(111, 46, '519.96', '2017-05-02'),
(112, 95, '319.92', '2019-07-02'),
(113, 58, '25.16', '2016-12-17'),
(114, 91, '11.00', '2017-09-21'),
(115, 19, '138.69', '2019-06-21'),
(116, 13, '114.35', '2017-05-19'),
(117, 72, '15.41', '2016-05-20'),
(118, 21, '6.60', '2017-12-26'),
(119, 99, '133.80', '2016-03-13'),
(120, 75, '24000.00', '2019-04-09'),
(121, 77, '716.31', '2019-04-07'),
(122, 40, '119.42', '2016-04-03'),
(123, 98, '94.84', '2015-10-25'),
(124, 27, '237.60', '2016-02-08'),
(125, 37, '607.28', '2019-08-31'),
(126, 84, '81.98', '2016-12-04'),
(127, 85, '72.66', '2017-11-14'),
(128, 12, '272.25', '2016-10-24'),
(129, 72, '249.84', '2017-05-29'),
(130, 36, '339.92', '2018-04-26'),
(131, 81, '199.02', '2018-12-26'),
(132, 26, '32.54', '2016-12-13'),
(133, 99, '319.92', '2018-09-23'),
(134, 85, '160.96', '2019-05-26'),
(135, 16, '580.05', '2017-05-18'),
(136, 29, '266.60', '2016-06-30'),
(137, 64, '819.45', '2015-11-09'),
(138, 95, '11.00', '2019-06-27'),
(139, 99, '65.30', '2016-10-20'),
(140, 43, '185.88', '2016-01-22'),
(141, 5, '1.50', '2017-09-28'),
(142, 59, '31.14', '2018-08-04'),
(143, 28, '606.30', '2017-07-01'),
(144, 17, '81.54', '2018-02-01'),
(145, 73, '126.18', '2016-05-03'),
(146, 59, '296.04', '2017-06-02'),
(147, 69, '501.48', '2018-11-01'),
(148, 96, '317.28', '2019-07-29'),
(149, 12, '437.04', '2016-06-30'),
(150, 88, '716.31', '2019-03-18'),
(151, 16, '907.50', '2015-12-05'),
(152, 99, '188.72', '2016-12-14'),
(153, 79, '104.75', '2018-02-01'),
(154, 60, '189.68', '2017-05-18'),
(155, 13, '570.24', '2018-11-16'),
(156, 75, '819.80', '2016-06-06'),
(157, 9, '688.00', '2016-09-01'),
(158, 23, '53.52', '2019-05-02'),
(159, 82, '1.73', '2018-09-11'),
(160, 51, '130.60', '2018-01-15'),
(161, 26, '533.20', '2017-08-11'),
(162, 52, '471.78', '2017-01-09'),
(163, 86, '546.60', '2018-07-23'),
(164, 24, '118.80', '2017-12-22'),
(165, 36, '459.30', '2016-06-04'),
(166, 16, '363.00', '2019-04-07'),
(167, 45, '515.60', '2016-03-12'),
(168, 20, '445.68', '2018-08-25'),
(169, 57, '237.60', '2016-07-02'),
(170, 52, '201.20', '2018-10-25'),
(171, 61, '267.30', '2017-11-23'),
(172, 29, '209.50', '2018-03-18'),
(173, 91, '580.40', '2019-03-22'),
(174, 84, '78.64', '2018-12-14'),
(175, 59, '86.62', '2017-11-05'),
(176, 65, '816.75', '2018-12-14'),
(177, 80, '184.70', '2019-04-24'),
(178, 37, '159.18', '2016-12-29'),
(179, 44, '636.72', '2017-08-24'),
(180, 73, '303.64', '2019-06-09'),
(181, 55, '71.60', '2016-06-05'),
(182, 93, '190.26', '2018-10-27'),
(183, 98, '12.81', '2019-08-07'),
(184, 84, '634.70', '2018-06-17'),
(185, 95, '464.70', '2018-01-14'),
(186, 32, '597.10', '2015-09-25'),
(187, 41, '352.12', '2017-09-16'),
(188, 8, '621000.00', '2016-06-15'),
(189, 51, '455.25', '2019-04-24'),
(190, 30, '255.08', '2018-12-27'),
(191, 13, '461.34', '2015-11-26'),
(192, 55, '61.70', '2018-12-03'),
(193, 65, '267.30', '2019-06-12'),
(194, 10, '222.56', '2015-11-29'),
(195, 39, '207000.00', '2017-08-11'),
(196, 47, '413.37', '2017-05-29'),
(197, 84, '573.93', '2017-02-26'),
(198, 5, '324.00', '2016-06-08'),
(199, 67, '571.23', '2016-10-26'),
(200, 2, '93.16', '2015-10-26'),
(201, 11, '263.12', '2017-05-23'),
(202, 53, '52.75', '2019-06-27'),
(203, 10, '12000.00', '2016-03-21'),
(204, 77, '39.32', '2019-01-07'),
(205, 60, '361.72', '2015-10-14'),
(206, 13, '209.61', '2017-10-30'),
(207, 67, '135.88', '2016-12-07'),
(208, 76, '82.50', '2015-12-25'),
(209, 59, '666.09', '2019-06-24'),
(210, 34, '460.62', '2017-08-22'),
(211, 93, '117.96', '2019-01-16'),
(212, 43, '1800.00', '2016-11-28'),
(213, 54, '518.40', '2018-09-30'),
(214, 73, '24000.00', '2019-06-24'),
(215, 74, '752.00', '2016-11-19'),
(216, 44, '104.75', '2016-09-02'),
(217, 72, '54.50', '2018-07-02'),
(218, 28, '344.00', '2018-03-18'),
(219, 7, '81.98', '2019-03-04'),
(220, 94, '209.68', '2018-04-15'),
(221, 62, '174.12', '2016-04-08'),
(222, 36, '218.61', '2019-08-29'),
(223, 68, '255.15', '2015-10-03'),
(224, 91, '36.94', '2017-01-30'),
(225, 40, '93.42', '2019-02-23'),
(226, 95, '190.41', '2019-05-02'),
(227, 7, '68.61', '2018-05-27'),
(228, 6, '102.52', '2018-12-30'),
(229, 7, '380.16', '2016-02-14'),
(230, 42, '147.76', '2017-08-01'),
(231, 38, '148.02', '2017-12-21'),
(232, 9, '29.68', '2018-03-05'),
(233, 45, '15.00', '2017-06-15'),
(234, 90, '347.76', '2017-12-03'),
(235, 75, '263.12', '2017-07-05'),
(236, 96, '378.54', '2019-07-04'),
(237, 22, '12.31', '2017-09-27'),
(238, 80, '111.44', '2018-09-26'),
(239, 79, '181.89', '2017-07-03'),
(240, 46, '20000.00', '2017-01-01'),
(241, 68, '421.80', '2018-12-18'),
(242, 71, '6.60', '2018-03-03'),
(243, 59, '72.58', '2016-05-02'),
(244, 100, '94.95', '2018-10-02'),
(245, 55, '122.36', '2019-08-19'),
(246, 75, '54.66', '2018-02-17'),
(247, 52, '252.36', '2016-01-26'),
(248, 34, '940.00', '2016-07-16'),
(249, 92, '230.58', '2019-08-18'),
(250, 76, '145.80', '2018-01-05'),
(251, 12, '190.08', '2017-10-13'),
(252, 56, '263.12', '2018-03-01'),
(253, 100, '53.32', '2016-03-15'),
(254, 7, '79.25', '2018-07-13'),
(255, 12, '222.56', '2015-11-11'),
(256, 14, '34.16', '2016-02-19'),
(257, 83, '292.86', '2018-04-14'),
(258, 18, '412.80', '2018-05-20'),
(259, 89, '296.80', '2017-07-20'),
(260, 54, '59.71', '2018-01-28'),
(261, 98, '577.99', '2018-02-20'),
(262, 66, '665.28', '2015-09-26'),
(263, 99, '65.08', '2015-11-22'),
(264, 80, '62.85', '2018-07-19'),
(265, 48, '222.84', '2015-09-21'),
(266, 2, '816.75', '2017-10-04'),
(267, 7, '32.70', '2017-05-05'),
(268, 10, '1.73', '2015-12-05'),
(269, 55, '15.00', '2017-04-26'),
(270, 40, '607.28', '2018-10-05'),
(271, 79, '62.16', '2019-08-12'),
(272, 47, '483.45', '2017-05-11'),
(273, 84, '364.40', '2017-06-30'),
(274, 100, '39.32', '2016-01-31'),
(275, 87, '637.35', '2018-03-07'),
(276, 39, '614.16', '2017-11-15'),
(277, 97, '855.36', '2018-01-17'),
(278, 4, '160.96', '2017-11-25'),
(279, 39, '537.39', '2017-02-17'),
(280, 10, '61.64', '2017-09-20'),
(281, 54, '90.75', '2016-11-14'),
(282, 15, '17.30', '2017-02-23'),
(283, 65, '571.23', '2018-02-19'),
(284, 87, '6.00', '2018-03-17'),
(285, 88, '635.25', '2016-10-22'),
(286, 15, '75.91', '2019-04-04'),
(287, 44, '100.60', '2019-08-10'),
(288, 11, '396.28', '2019-03-14'),
(289, 84, '205.04', '2016-10-29'),
(290, 2, '580.64', '2018-02-20'),
(291, 73, '137.62', '2019-05-03'),
(292, 80, '159.27', '2018-02-18'),
(293, 1, '364.50', '2018-02-08'),
(294, 35, '819.45', '2019-03-21'),
(295, 80, '74.28', '2017-09-30'),
(296, 37, '433.10', '2016-12-07'),
(297, 60, '752.00', '2019-03-20'),
(298, 61, '363.78', '2019-02-01'),
(299, 31, '263.12', '2018-06-22'),
(300, 91, '145.80', '2017-05-10'),
(301, 49, '237.96', '2018-10-08'),
(302, 67, '4000.00', '2018-05-27'),
(303, 99, '7.50', '2019-08-05'),
(304, 95, '231.08', '2017-08-15'),
(305, 88, '5400.00', '2017-06-15'),
(306, 22, '137.50', '2018-10-07'),
(307, 64, '590.52', '2016-12-05'),
(308, 100, '182.96', '2016-11-20'),
(309, 64, '388.48', '2015-11-10'),
(310, 25, '544.50', '2017-10-16'),
(311, 73, '277.62', '2015-09-27'),
(312, 44, '929.40', '2016-12-09'),
(313, 12, '1800.00', '2017-03-22'),
(314, 29, '67.94', '2018-08-26'),
(315, 31, '446.39', '2019-07-16'),
(316, 34, '55.72', '2018-10-07'),
(317, 11, '27.60', '2018-11-05'),
(318, 30, '288.85', '2016-07-24'),
(319, 87, '278.82', '2017-07-27'),
(320, 39, '273.15', '2017-08-07'),
(321, 89, '278.81', '2016-11-28'),
(322, 62, '91.10', '2019-06-24'),
(323, 50, '238.98', '2018-04-01'),
(324, 69, '445.12', '2019-01-07'),
(325, 29, '99.30', '2016-08-12'),
(326, 56, '80000.00', '2017-11-07'),
(327, 50, '528.18', '2017-07-07'),
(328, 45, '211.40', '2018-02-23'),
(329, 68, '557.13', '2019-03-22'),
(330, 82, '116.45', '2017-01-02'),
(331, 25, '378.54', '2019-08-28'),
(332, 52, '232.90', '2016-11-12'),
(333, 69, '435.48', '2019-05-16'),
(334, 9, '71.04', '2017-12-02'),
(335, 4, '66.34', '2017-04-01'),
(336, 11, '20.16', '2017-08-29'),
(337, 73, '695.52', '2016-04-27'),
(338, 96, '91.05', '2017-11-14'),
(339, 68, '60.36', '2019-01-14'),
(340, 27, '4.27', '2017-08-01'),
(341, 54, '297.00', '2018-11-11'),
(342, 79, '72.66', '2016-03-26'),
(343, 17, '352.12', '2019-02-01'),
(344, 47, '648.90', '2016-11-24'),
(345, 32, '275.00', '2017-07-26'),
(346, 11, '437.28', '2016-04-18'),
(347, 69, '614.16', '2018-03-14'),
(348, 70, '148.40', '2016-11-18'),
(349, 77, '125.70', '2017-11-02'),
(350, 98, '84.56', '2019-07-08'),
(351, 51, '209.50', '2016-08-26'),
(352, 72, '564.00', '2018-12-19'),
(353, 45, '825.70', '2017-12-20'),
(354, 11, '222.88', '2017-10-22'),
(355, 78, '600.00', '2015-11-19'),
(356, 9, '404.10', '2018-08-03'),
(357, 53, '371.36', '2018-10-04'),
(358, 6, '559.93', '2018-05-29'),
(359, 17, '291.36', '2016-08-31'),
(360, 98, '55.20', '2017-12-14'),
(361, 22, '17.08', '2019-08-11'),
(362, 79, '89.50', '2018-04-24'),
(363, 66, '390.04', '2018-06-15'),
(364, 91, '40.24', '2018-01-13'),
(365, 77, '80.48', '2017-02-01'),
(366, 43, '69.87', '2016-07-03'),
(367, 49, '495.42', '2016-10-09'),
(368, 20, '390.04', '2016-03-10'),
(369, 74, '13.06', '2018-07-04'),
(370, 27, '462.16', '2016-10-08'),
(371, 4, '455.25', '2019-06-20'),
(372, 93, '56.61', '2015-11-04'),
(373, 60, '87.20', '2016-05-30'),
(374, 78, '555.52', '2019-08-14'),
(375, 57, '53.28', '2016-04-28'),
(376, 99, '404.82', '2018-05-09'),
(377, 28, '773.52', '2018-09-12'),
(378, 86, '495.35', '2016-05-03'),
(379, 79, '80000.00', '2019-04-16'),
(380, 10, '419.36', '2017-10-17'),
(381, 16, '188.72', '2016-09-02'),
(382, 66, '59.58', '2015-10-09'),
(383, 76, '29.68', '2016-12-04'),
(384, 98, '423.04', '2017-08-08'),
(385, 3, '491.94', '2015-10-20'),
(386, 6, '388.80', '2016-11-12'),
(387, 61, '324.00', '2017-08-25'),
(388, 33, '296.46', '2018-05-19'),
(389, 84, '477.81', '2016-03-09'),
(390, 65, '71.04', '2017-08-16'),
(391, 38, '15.41', '2017-10-30'),
(392, 58, '178.08', '2019-05-29'),
(393, 82, '545.67', '2016-10-25'),
(394, 60, '330.26', '2017-08-18'),
(395, 55, '129.78', '2016-11-20'),
(396, 65, '275.31', '2018-08-25'),
(397, 46, '3200.00', '2019-06-17'),
(398, 39, '866.20', '2016-11-16'),
(399, 52, '83.04', '2016-10-22'),
(400, 70, '38.76', '2016-11-30'),
(401, 42, '7.74', '2018-08-30'),
(402, 60, '8.54', '2017-07-27'),
(403, 77, '15.85', '2017-02-19'),
(404, 94, '495.42', '2019-04-30'),
(405, 91, '139.74', '2015-09-10'),
(406, 54, '660.56', '2019-08-02'),
(407, 50, '398.30', '2017-10-12'),
(408, 47, '501.48', '2016-09-29'),
(409, 31, '19.66', '2017-12-17'),
(410, 48, '305.73', '2017-09-10'),
(411, 95, '105.70', '2017-07-21'),
(412, 35, '437.04', '2018-06-15'),
(413, 92, '47.18', '2018-12-08'),
(414, 56, '462.16', '2019-08-15'),
(415, 22, '134.94', '2018-02-28'),
(416, 53, '24000.00', '2019-08-25'),
(417, 42, '634.88', '2019-01-22'),
(418, 75, '4800.00', '2018-07-04'),
(419, 33, '267.60', '2016-05-25'),
(420, 3, '13.06', '2016-01-12'),
(421, 62, '324.00', '2017-07-07'),
(422, 90, '121.26', '2017-12-04'),
(423, 32, '3.87', '2017-04-13'),
(424, 8, '265.36', '2018-10-10'),
(425, 63, '8000.00', '2017-10-11'),
(426, 8, '990.70', '2017-07-10'),
(427, 70, '855.36', '2017-02-07'),
(428, 16, '55.00', '2016-06-23'),
(429, 5, '6000.00', '2016-09-26'),
(430, 61, '580.40', '2017-11-30'),
(431, 91, '82.57', '2018-12-22'),
(432, 52, '176.06', '2017-05-02'),
(433, 69, '726.00', '2016-04-27'),
(434, 41, '107.04', '2018-07-17'),
(435, 33, '196.60', '2018-12-03'),
(436, 90, '237.79', '2017-03-06'),
(437, 18, '138000.00', '2016-04-02'),
(438, 51, '331.70', '2018-01-12'),
(439, 15, '5.19', '2017-06-30'),
(440, 11, '9.90', '2017-06-06'),
(441, 94, '344.00', '2016-04-27'),
(442, 66, '6400.00', '2016-02-25'),
(443, 20, '31.23', '2017-08-05'),
(444, 69, '211.40', '2017-11-25'),
(445, 71, '137.60', '2018-05-07'),
(446, 55, '519.12', '2019-08-01'),
(447, 54, '5.50', '2016-02-29'),
(448, 90, '76.30', '2016-09-01'),
(449, 89, '9.03', '2018-01-19'),
(450, 77, '344.00', '2015-11-23'),
(451, 69, '658.00', '2018-05-30'),
(452, 18, '190.26', '2016-07-01'),
(453, 78, '10.38', '2017-05-12'),
(454, 51, '95.04', '2017-05-14'),
(455, 15, '202.05', '2019-01-27'),
(456, 32, '352.12', '2018-08-09'),
(457, 51, '3000.00', '2016-01-08'),
(458, 11, '474.20', '2017-01-12'),
(459, 52, '475.20', '2017-01-19'),
(460, 81, '217.44', '2016-08-06'),
(461, 83, '594.24', '2016-12-08'),
(462, 8, '203.82', '2018-09-12'),
(463, 97, '125.30', '2018-01-18'),
(464, 1, '240.84', '2015-09-16'),
(465, 85, '105.50', '2018-04-17'),
(466, 25, '64.80', '2018-11-21'),
(467, 92, '61.55', '2016-05-21'),
(468, 79, '533.20', '2018-02-24'),
(469, 88, '227.73', '2018-11-17'),
(470, 98, '537.39', '2015-09-27'),
(471, 76, '461.34', '2015-09-22'),
(472, 50, '307.08', '2016-03-12'),
(473, 23, '89.10', '2019-03-05'),
(474, 73, '880.30', '2019-02-25'),
(475, 54, '29.70', '2018-11-15'),
(476, 86, '760.32', '2018-12-20'),
(477, 28, '666.09', '2019-01-24'),
(478, 7, '795.90', '2019-02-12'),
(479, 80, '303.15', '2016-12-27'),
(480, 31, '5.16', '2019-08-05'),
(481, 82, '434.70', '2019-01-14'),
(482, 26, '51.90', '2017-12-24'),
(483, 21, '187.32', '2017-02-15'),
(484, 28, '73.86', '2015-12-30'),
(485, 41, '12.90', '2015-11-05'),
(486, 92, '94.84', '2016-05-20'),
(487, 59, '773.52', '2019-04-24'),
(488, 88, '318.85', '2019-06-15'),
(489, 90, '52.42', '2016-05-30'),
(490, 44, '421.80', '2017-06-02'),
(491, 44, '153.78', '2016-12-03'),
(492, 19, '445.76', '2017-02-09'),
(493, 93, '69000.00', '2016-01-14'),
(494, 4, '231.75', '2017-06-04'),
(495, 78, '32.54', '2015-12-08'),
(496, 82, '86.62', '2016-10-08'),
(497, 4, '260.32', '2015-09-16'),
(498, 47, '359.84', '2019-03-31'),
(499, 11, '284.52', '2019-07-10'),
(500, 61, '742.80', '2019-06-26'),
(501, 45, '146.65', '2017-04-12'),
(502, 57, '2400.00', '2018-02-01'),
(503, 4, '327.92', '2017-01-22'),
(504, 38, '21000.00', '2016-11-28'),
(505, 59, '674.88', '2019-06-08'),
(506, 24, '25.16', '2015-10-24'),
(507, 8, '278.20', '2016-09-26'),
(508, 62, '195.39', '2018-05-02'),
(509, 70, '79.25', '2017-10-23'),
(510, 13, '122.36', '2016-01-30'),
(511, 38, '116.45', '2018-03-13'),
(512, 29, '424.72', '2016-10-26'),
(513, 13, '153.78', '2016-04-18'),
(514, 19, '4.27', '2015-10-30'),
(515, 28, '41.40', '2016-02-20'),
(516, 31, '288.85', '2016-07-25'),
(517, 82, '614.16', '2018-08-02'),
(518, 12, '75.91', '2018-12-14'),
(519, 45, '105.70', '2017-06-05'),
(520, 82, '38.76', '2018-07-07'),
(521, 14, '704.24', '2019-06-13'),
(522, 86, '346.62', '2016-04-26'),
(523, 72, '324.45', '2018-08-24'),
(524, 34, '123.10', '2016-05-15'),
(525, 4, '257.50', '2016-01-11'),
(526, 29, '607.28', '2019-08-16'),
(527, 79, '327.92', '2017-08-08'),
(528, 30, '971.70', '2015-11-25'),
(529, 24, '267.60', '2016-08-09'),
(530, 51, '20000.00', '2015-12-23'),
(531, 18, '90.75', '2018-04-13'),
(532, 49, '653.22', '2018-04-28'),
(533, 79, '573.86', '2017-11-17'),
(534, 41, '12000.00', '2017-04-26'),
(535, 15, '583.02', '2018-03-11'),
(536, 4, '10.38', '2017-09-08'),
(537, 36, '130.16', '2016-01-07'),
(538, 49, '238.84', '2018-03-04'),
(539, 100, '10.08', '2016-03-20'),
(540, 36, '6.92', '2016-03-29'),
(541, 64, '79.92', '2019-06-15'),
(542, 99, '106.64', '2018-08-02'),
(543, 42, '159.18', '2016-06-09'),
(544, 62, '21.10', '2016-10-15'),
(545, 31, '33.60', '2017-12-24'),
(546, 23, '397.95', '2018-09-19'),
(547, 70, '538.80', '2017-08-16'),
(548, 85, '86.17', '2017-05-07'),
(549, 50, '880.30', '2019-06-29'),
(550, 31, '43.60', '2018-07-29'),
(551, 14, '158.72', '2019-06-10'),
(552, 21, '228.70', '2016-04-28'),
(553, 54, '10.90', '2017-06-20'),
(554, 54, '69000.00', '2017-04-30'),
(555, 85, '88.03', '2016-09-14'),
(556, 61, '158.50', '2016-04-02'),
(557, 11, '195.39', '2017-05-02'),
(558, 22, '328.90', '2016-06-10'),
(559, 77, '164.70', '2016-02-28'),
(560, 61, '674.88', '2018-06-29'),
(561, 39, '59.40', '2018-01-02'),
(562, 28, '257.50', '2016-07-29'),
(563, 42, '518.40', '2017-04-25'),
(564, 33, '648.00', '2016-01-12'),
(565, 49, '6.00', '2019-02-15'),
(566, 25, '8.88', '2016-03-29'),
(567, 49, '94.36', '2017-06-14'),
(568, 100, '106.64', '2016-05-16'),
(569, 53, '123.28', '2019-02-22'),
(570, 7, '119.42', '2016-06-28'),
(571, 93, '461.34', '2018-12-03'),
(572, 11, '253.08', '2018-12-21'),
(573, 76, '1.10', '2016-08-15'),
(574, 65, '163.96', '2018-10-07'),
(575, 66, '825.70', '2017-06-21'),
(576, 49, '459.30', '2016-05-16'),
(577, 31, '182.25', '2017-04-09'),
(578, 71, '73.85', '2018-10-09'),
(579, 16, '519.72', '2016-10-15'),
(580, 37, '291.51', '2018-03-14'),
(581, 22, '550.40', '2018-08-22'),
(582, 41, '62.16', '2017-09-21'),
(583, 73, '151.82', '2018-05-27'),
(584, 65, '9.03', '2016-06-02'),
(585, 76, '836.46', '2019-07-27'),
(586, 29, '452.15', '2016-04-11'),
(587, 86, '317.28', '2017-09-02'),
(588, 71, '412.85', '2019-05-16'),
(589, 82, '230.31', '2017-11-09'),
(590, 49, '269.40', '2019-09-05'),
(591, 94, '412.85', '2017-07-17'),
(592, 45, '396.28', '2016-11-13'),
(593, 32, '521.64', '2017-12-07'),
(594, 62, '557.20', '2017-06-25'),
(595, 58, '266.60', '2018-02-25'),
(596, 7, '597.10', '2018-08-15'),
(597, 1, '163.96', '2018-04-09'),
(598, 27, '530.72', '2018-02-22'),
(599, 59, '65.78', '2017-11-25'),
(600, 63, '13.84', '2017-08-27'),
(601, 39, '30.82', '2015-11-12'),
(602, 84, '437.28', '2016-01-02'),
(603, 34, '6.45', '2019-03-16'),
(604, 96, '594.24', '2018-06-20'),
(605, 77, '512.60', '2016-09-15'),
(606, 11, '663.40', '2019-04-05'),
(607, 100, '966.90', '2018-08-21'),
(608, 70, '190.41', '2019-06-24'),
(609, 89, '207000.00', '2018-06-29'),
(610, 23, '501.48', '2015-10-11'),
(611, 52, '332.46', '2017-04-26'),
(612, 56, '880.30', '2016-12-07'),
(613, 99, '263.12', '2018-07-07'),
(614, 26, '406.28', '2017-09-20'),
(615, 71, '637.70', '2018-01-04'),
(616, 20, '32.54', '2016-08-30'),
(617, 89, '35.52', '2016-11-23'),
(618, 26, '13.06', '2016-06-16'),
(619, 44, '99.30', '2016-05-28'),
(620, 11, '128.75', '2019-08-24'),
(621, 14, '284.52', '2018-12-25'),
(622, 27, '692.96', '2017-04-04'),
(623, 67, '278.52', '2018-04-20'),
(624, 4, '206.40', '2015-10-26'),
(625, 71, '449.80', '2016-07-30'),
(626, 15, '183.54', '2015-11-24'),
(627, 25, '40000.00', '2016-05-04'),
(628, 77, '242.80', '2017-04-23'),
(629, 1, '104.84', '2019-02-01'),
(630, 4, '121.26', '2017-11-12'),
(631, 66, '319.92', '2017-08-28'),
(632, 86, '128.90', '2017-06-16'),
(633, 39, '64.89', '2018-02-23'),
(634, 65, '278.60', '2016-08-04'),
(635, 59, '120.72', '2016-12-06'),
(636, 15, '80.28', '2019-08-14'),
(637, 15, '132.68', '2016-12-14'),
(638, 83, '205.83', '2016-09-23'),
(639, 44, '491.88', '2017-08-26'),
(640, 87, '277.62', '2017-10-04'),
(641, 62, '269.88', '2019-03-24'),
(642, 59, '7.74', '2016-08-03'),
(643, 99, '42.20', '2019-02-05'),
(644, 3, '209.50', '2016-04-09'),
(645, 42, '277.65', '2019-05-12'),
(646, 98, '674.88', '2019-06-08'),
(647, 20, '54.50', '2016-08-02'),
(648, 36, '725.80', '2016-10-29'),
(649, 17, '35.80', '2019-09-02'),
(650, 4, '159.27', '2019-01-23'),
(651, 83, '518.40', '2015-10-23'),
(652, 70, '52.42', '2016-07-26'),
(653, 100, '26.76', '2019-06-25'),
(654, 73, '194.40', '2016-02-04'),
(655, 81, '50.32', '2017-08-14'),
(656, 12, '292.86', '2017-06-22'),
(657, 29, '115.54', '2018-07-29'),
(658, 27, '8000.00', '2017-08-02'),
(659, 49, '160.09', '2015-11-18'),
(660, 53, '437.28', '2018-11-10'),
(661, 50, '100.60', '2017-07-30'),
(662, 48, '205.83', '2019-09-01'),
(663, 45, '47.18', '2017-08-04'),
(664, 25, '7.74', '2019-04-06'),
(665, 23, '46.23', '2017-04-29'),
(666, 37, '79.36', '2019-07-24'),
(667, 76, '464.32', '2018-08-22'),
(668, 7, '182.96', '2017-10-18'),
(669, 29, '26.64', '2015-09-28'),
(670, 24, '139.02', '2017-09-01'),
(671, 75, '156.15', '2015-12-16'),
(672, 65, '773.52', '2018-05-06'),
(673, 53, '583.02', '2018-10-01'),
(674, 90, '417.97', '2017-09-05'),
(675, 100, '409.90', '2017-07-16'),
(676, 29, '89.10', '2018-04-19'),
(677, 5, '62.28', '2018-04-17'),
(678, 57, '305.73', '2016-04-19'),
(679, 52, '101.91', '2019-02-01'),
(680, 84, '571.23', '2015-12-29'),
(681, 24, '80.28', '2017-05-04'),
(682, 33, '2.58', '2018-05-05'),
(683, 57, '10.38', '2016-08-21'),
(684, 12, '105.70', '2017-02-10'),
(685, 89, '477.81', '2017-04-28'),
(686, 12, '530.90', '2019-07-22'),
(687, 18, '410.08', '2015-11-14'),
(688, 33, '318.85', '2016-06-09'),
(689, 27, '485.85', '2019-04-07'),
(690, 26, '29.70', '2017-01-23'),
(691, 58, '314.52', '2018-02-27'),
(692, 97, '21.10', '2019-05-09'),
(693, 76, '67.35', '2018-09-09'),
(694, 26, '62.85', '2017-02-01'),
(695, 12, '298.55', '2016-05-14'),
(696, 31, '51.90', '2017-07-23'),
(697, 89, '376.00', '2018-04-17'),
(698, 84, '260.82', '2017-06-09'),
(699, 37, '267.30', '2018-08-14'),
(700, 88, '3200.00', '2019-01-09'),
(701, 53, '132.68', '2016-11-15'),
(702, 100, '165.14', '2017-07-14'),
(703, 73, '178.20', '2016-04-28'),
(704, 86, '158.64', '2018-09-26'),
(705, 93, '109.00', '2017-06-17'),
(706, 13, '139.74', '2018-02-13'),
(707, 30, '594.42', '2017-01-12'),
(708, 66, '449.80', '2019-06-14'),
(709, 37, '367.44', '2018-12-01'),
(710, 16, '77.05', '2017-02-04'),
(711, 55, '530.72', '2016-08-18'),
(712, 23, '346.48', '2015-10-13'),
(713, 95, '716.31', '2016-02-03'),
(714, 74, '737.82', '2016-02-26'),
(715, 50, '295.52', '2016-03-02'),
(716, 1, '120.72', '2018-09-07'),
(717, 82, '6000.00', '2017-09-08'),
(718, 80, '197.64', '2016-01-24'),
(719, 66, '120.72', '2015-11-05'),
(720, 94, '318.54', '2018-10-11'),
(721, 69, '278.81', '2017-12-05'),
(722, 96, '290.32', '2019-07-13'),
(723, 23, '244.72', '2018-08-07'),
(724, 70, '244.62', '2015-12-16'),
(725, 64, '328.05', '2017-04-03'),
(726, 79, '273.15', '2015-12-07'),
(727, 24, '51.90', '2016-10-11'),
(728, 23, '239.97', '2017-12-19'),
(729, 31, '31.70', '2017-12-14'),
(730, 87, '10.38', '2017-08-02'),
(731, 66, '194.24', '2016-07-10'),
(732, 56, '111.28', '2019-05-07'),
(733, 40, '481.60', '2018-03-03'),
(734, 19, '291.36', '2019-02-07'),
(735, 46, '318.85', '2019-06-02'),
(736, 30, '510.16', '2017-11-13'),
(737, 17, '12.11', '2018-11-10'),
(738, 43, '477.68', '2016-08-31'),
(739, 70, '71.60', '2019-05-13'),
(740, 2, '17.08', '2018-02-17'),
(741, 98, '435.48', '2017-07-01'),
(742, 25, '8.88', '2018-02-07'),
(743, 59, '46.23', '2017-08-01'),
(744, 76, '109.32', '2018-03-05'),
(745, 18, '180.86', '2016-10-08'),
(746, 65, '158.88', '2015-10-13'),
(747, 100, '420.60', '2019-03-04'),
(748, 78, '209.68', '2017-12-17'),
(749, 31, '252.36', '2018-01-22'),
(750, 69, '91.48', '2018-04-11'),
(751, 31, '20.95', '2017-09-16'),
(752, 31, '31.65', '2017-05-08'),
(753, 91, '356.94', '2016-12-28'),
(754, 12, '716.31', '2016-10-28'),
(755, 69, '222.88', '2017-07-29'),
(756, 96, '10.08', '2019-05-23'),
(757, 54, '277.65', '2016-12-30'),
(758, 72, '3.30', '2016-08-26'),
(759, 4, '158.88', '2016-07-09'),
(760, 51, '453.60', '2017-02-04'),
(761, 80, '244.62', '2015-09-25'),
(762, 73, '433.10', '2016-10-12'),
(763, 47, '6.45', '2018-01-09'),
(764, 18, '39.18', '2016-04-17'),
(765, 26, '314.52', '2017-11-24'),
(766, 52, '6.72', '2017-12-18'),
(767, 13, '1800.00', '2015-12-17'),
(768, 16, '597.10', '2018-01-17'),
(769, 69, '267.60', '2016-07-12'),
(770, 38, '211.52', '2017-05-27'),
(771, 66, '278.60', '2016-01-12'),
(772, 91, '18.87', '2019-04-07'),
(773, 62, '41.52', '2018-04-27'),
(774, 69, '594.24', '2017-05-17'),
(775, 22, '118.72', '2017-07-18'),
(776, 24, '390.04', '2015-11-11'),
(777, 48, '154.10', '2017-06-23'),
(778, 65, '65.08', '2017-05-10'),
(779, 1, '69.00', '2018-09-28'),
(780, 15, '288.85', '2019-03-09'),
(781, 91, '194.67', '2019-05-14'),
(782, 94, '60.36', '2016-03-04'),
(783, 13, '305.90', '2017-10-01'),
(784, 77, '55.72', '2019-06-20'),
(785, 37, '345000.00', '2016-11-02'),
(786, 5, '120000.00', '2017-10-17'),
(787, 5, '68.61', '2016-06-26'),
(788, 22, '319.92', '2018-05-05'),
(789, 45, '53.70', '2018-06-08'),
(790, 81, '29.68', '2016-05-25'),
(791, 100, '4800.00', '2017-05-22'),
(792, 57, '361.72', '2019-08-28'),
(793, 68, '258.58', '2017-10-01'),
(794, 10, '181.89', '2018-11-23'),
(795, 14, '61.18', '2018-10-19'),
(796, 63, '559.93', '2019-08-19'),
(797, 17, '32.30', '2017-03-18'),
(798, 87, '265.36', '2018-05-30'),
(799, 71, '178.08', '2016-12-22'),
(800, 77, '139.02', '2016-03-22'),
(801, 32, '119.42', '2016-01-14'),
(802, 18, '485.04', '2015-09-30'),
(803, 45, '273.30', '2019-07-17'),
(804, 5, '72.66', '2017-07-09'),
(805, 46, '557.64', '2016-05-03'),
(806, 69, '358.47', '2016-04-03'),
(807, 93, '275.00', '2016-08-18'),
(808, 60, '633.01', '2016-11-21'),
(809, 88, '209.50', '2016-03-06'),
(810, 31, '45.22', '2017-01-22'),
(811, 71, '185.88', '2017-01-21'),
(812, 88, '65.40', '2019-07-26'),
(813, 97, '404.10', '2016-09-04'),
(814, 93, '6.29', '2017-12-11'),
(815, 74, '230.31', '2017-11-05'),
(816, 15, '257.80', '2017-03-15'),
(817, 29, '364.20', '2017-11-03'),
(818, 2, '217.44', '2018-07-02'),
(819, 75, '264.09', '2016-05-30'),
(820, 31, '74.28', '2016-04-06'),
(821, 50, '15.41', '2018-08-14'),
(822, 58, '99.30', '2016-04-23'),
(823, 8, '388.80', '2017-04-14'),
(824, 49, '51.90', '2015-10-27'),
(825, 70, '114.35', '2016-05-22'),
(826, 45, '437.28', '2018-04-04'),
(827, 40, '86.62', '2016-12-06'),
(828, 5, '379.36', '2018-03-23'),
(829, 31, '163.98', '2017-03-12'),
(830, 86, '533.20', '2016-10-01'),
(831, 46, '44.40', '2018-07-31'),
(832, 66, '324.00', '2015-10-19'),
(833, 65, '46.58', '2017-09-26'),
(834, 5, '76.30', '2018-05-25'),
(835, 85, '366.94', '2017-11-22'),
(836, 25, '31.45', '2018-09-19'),
(837, 19, '950.40', '2017-05-11'),
(838, 53, '317.28', '2016-03-19'),
(839, 91, '96.69', '2017-08-21'),
(840, 84, '138.69', '2017-05-16'),
(841, 33, '130.16', '2016-02-29'),
(842, 98, '690000.00', '2016-07-28'),
(843, 43, '1800.00', '2016-07-19'),
(844, 5, '79.25', '2019-06-29'),
(845, 24, '704.24', '2019-04-12'),
(846, 26, '61.70', '2017-08-25'),
(847, 9, '290.32', '2016-12-16'),
(848, 18, '79.36', '2019-02-08'),
(849, 84, '4200.00', '2016-09-21'),
(850, 48, '93.16', '2016-08-26'),
(851, 52, '423.04', '2015-11-08'),
(852, 61, '78.64', '2015-10-18'),
(853, 8, '777.36', '2017-04-29'),
(854, 34, '663.40', '2018-01-02'),
(855, 25, '25.75', '2017-04-24'),
(856, 24, '5.16', '2017-07-18'),
(857, 17, '449.80', '2018-07-19'),
(858, 65, '55.20', '2019-01-20'),
(859, 52, '194.67', '2018-03-15'),
(860, 57, '165.14', '2017-05-06'),
(861, 31, '260.82', '2018-08-27'),
(862, 8, '30.24', '2017-12-27'),
(863, 24, '398.30', '2018-03-19'),
(864, 91, '53.32', '2017-02-14'),
(865, 93, '398.30', '2018-07-13'),
(866, 3, '866.20', '2018-07-31'),
(867, 10, '159.27', '2016-05-11'),
(868, 88, '105.76', '2018-08-11'),
(869, 11, '156.15', '2019-08-01'),
(870, 97, '843.60', '2018-01-28'),
(871, 73, '303.64', '2016-05-31'),
(872, 57, '180.25', '2019-06-29'),
(873, 23, '491.88', '2017-02-10'),
(874, 11, '683.19', '2018-12-17'),
(875, 61, '373.24', '2019-06-14'),
(876, 65, '91.48', '2018-05-09'),
(877, 28, '72.58', '2017-05-07'),
(878, 38, '162.70', '2017-06-13'),
(879, 43, '86.62', '2018-09-08'),
(880, 6, '181.08', '2018-06-09'),
(881, 17, '190.26', '2018-12-18'),
(882, 48, '376.00', '2019-02-25'),
(883, 35, '606.34', '2016-11-27'),
(884, 92, '99.07', '2018-09-26'),
(885, 38, '190.41', '2019-05-19'),
(886, 69, '199.02', '2019-06-19'),
(887, 78, '211.52', '2018-10-24'),
(888, 45, '283.08', '2016-04-16'),
(889, 62, '10.08', '2019-04-20'),
(890, 83, '109.00', '2019-07-29'),
(891, 64, '32.54', '2018-11-24'),
(892, 55, '209.68', '2019-05-07'),
(893, 36, '139.02', '2018-04-06'),
(894, 46, '273.15', '2016-06-21'),
(895, 25, '577.70', '2017-12-31'),
(896, 94, '537.39', '2016-12-06'),
(897, 16, '207.90', '2016-01-04'),
(898, 16, '202.05', '2017-04-12'),
(899, 32, '419.36', '2017-02-11'),
(900, 51, '446.39', '2018-05-19'),
(901, 33, '211.40', '2019-07-31'),
(902, 42, '317.44', '2017-03-24'),
(903, 91, '214.13', '2018-09-25'),
(904, 24, '577.70', '2018-10-23'),
(905, 91, '7.74', '2017-11-09'),
(906, 69, '298.55', '2018-10-11'),
(907, 86, '137.22', '2016-07-14'),
(908, 63, '364.20', '2017-08-18'),
(909, 30, '719.91', '2017-04-26'),
(910, 30, '211.52', '2019-05-01'),
(911, 93, '464.38', '2017-06-11'),
(912, 55, '5600.00', '2018-09-05'),
(913, 51, '477.54', '2018-08-30'),
(914, 58, '437.28', '2017-10-29'),
(915, 27, '420.60', '2016-10-01'),
(916, 84, '329.40', '2018-03-27'),
(917, 56, '15.85', '2018-12-04'),
(918, 16, '120000.00', '2017-07-30'),
(919, 67, '891.63', '2017-02-21'),
(920, 64, '636.72', '2015-09-15'),
(921, 43, '180000.00', '2019-04-08'),
(922, 25, '364.50', '2016-03-01'),
(923, 88, '319.96', '2019-04-21'),
(924, 40, '63.30', '2019-01-22'),
(925, 55, '222.56', '2018-01-04'),
(926, 99, '590.52', '2018-12-06'),
(927, 35, '205.83', '2017-08-04'),
(928, 25, '386.70', '2019-06-14'),
(929, 27, '434.70', '2016-01-12'),
(930, 43, '198.60', '2016-02-27'),
(931, 80, '53.32', '2017-03-02'),
(932, 45, '471.45', '2017-03-16'),
(933, 95, '648.00', '2018-04-11'),
(934, 21, '158.50', '2016-12-16'),
(935, 7, '12.11', '2017-03-19'),
(936, 95, '552000.00', '2016-07-12'),
(937, 84, '648.90', '2017-02-09'),
(938, 29, '799.90', '2018-10-01'),
(939, 79, '278.60', '2015-10-05'),
(940, 78, '25.84', '2017-11-15'),
(941, 65, '17.08', '2016-01-25'),
(942, 50, '455.25', '2016-07-30'),
(943, 69, '194.67', '2019-05-07'),
(944, 38, '104.75', '2015-12-15'),
(945, 91, '12.00', '2016-05-05'),
(946, 11, '36.93', '2015-11-01'),
(947, 63, '423.04', '2017-06-20'),
(948, 83, '109.32', '2019-08-12'),
(949, 22, '546.30', '2018-08-04'),
(950, 90, '136.65', '2016-07-02'),
(951, 89, '633.01', '2017-02-21'),
(952, 30, '8.65', '2017-10-13'),
(953, 98, '148.02', '2017-10-27'),
(954, 15, '58.04', '2016-03-19'),
(955, 38, '69.00', '2017-04-25'),
(956, 46, '777.36', '2015-09-24'),
(957, 50, '5.19', '2016-04-09'),
(958, 25, '59.36', '2017-02-14'),
(959, 89, '34.50', '2015-11-09'),
(960, 2, '644.50', '2015-10-15'),
(961, 52, '485.85', '2016-04-22'),
(962, 96, '24000.00', '2018-01-31'),
(963, 6, '27.18', '2017-04-14'),
(964, 57, '506.16', '2019-01-12'),
(965, 49, '165.14', '2018-07-07'),
(966, 49, '277.62', '2019-07-30'),
(967, 6, '71.60', '2016-08-20'),
(968, 5, '269.40', '2017-09-16'),
(969, 43, '45.74', '2016-10-08'),
(970, 77, '119.42', '2018-08-19'),
(971, 33, '519.72', '2019-01-02'),
(972, 6, '10.38', '2016-09-24'),
(973, 88, '36.94', '2017-03-12'),
(974, 71, '348.24', '2016-03-11'),
(975, 87, '6.00', '2018-09-09'),
(976, 5, '364.50', '2017-09-14'),
(977, 65, '314.52', '2019-01-27'),
(978, 18, '178.74', '2018-06-21'),
(979, 53, '297.21', '2019-07-12'),
(980, 32, '94.84', '2016-03-14'),
(981, 44, '38.43', '2018-08-04'),
(982, 81, '278.60', '2017-12-27'),
(983, 42, '61.55', '2016-05-08'),
(984, 27, '544.50', '2019-08-22'),
(985, 77, '298.55', '2017-05-05'),
(986, 76, '321.51', '2015-12-03'),
(987, 84, '82.50', '2019-04-11'),
(988, 31, '130.60', '2018-01-10'),
(989, 42, '198.60', '2016-09-27'),
(990, 73, '542.58', '2016-01-30'),
(991, 17, '118.98', '2019-07-13'),
(992, 65, '524.20', '2017-07-18'),
(993, 31, '597.06', '2018-03-11'),
(994, 85, '6.29', '2016-11-07'),
(995, 75, '423.04', '2015-12-12'),
(996, 32, '303.64', '2018-05-30'),
(997, 11, '263.12', '2017-06-07'),
(998, 38, '147.98', '2015-09-26'),
(999, 71, '29.70', '2019-02-28'),
(1000, 55, '167.16', '2019-06-22');

-- --------------------------------------------------------

--
-- Table structure for table `categories`
--

CREATE TABLE `categories` (
  `index_categ` int(11) NOT NULL,
  `category_name` varchar(12) DEFAULT NULL
) ENGINE=InnoDB DEFAULT CHARSET=latin1;

--
-- Dumping data for table `categories`
--

INSERT INTO `categories` (`index_categ`, `category_name`) VALUES
(1, 'Tools'),
(2, 'Books'),
(3, 'PC'),
(4, 'Monitor'),
(5, 'Food'),
(6, 'Cars'),
(7, 'Air Cond'),
(8, 'Refrigerator');

-- --------------------------------------------------------

--
-- Table structure for table `customers`
--

CREATE TABLE `customers` (
  `customer_id` int(11) NOT NULL,
  `first_name` varchar(10) DEFAULT NULL,
  `last_name` varchar(10) DEFAULT NULL,
  `address` varchar(30) DEFAULT NULL
) ENGINE=InnoDB DEFAULT CHARSET=latin1;

--
-- Dumping data for table `customers`
--

INSERT INTO `customers` (`customer_id`, `first_name`, `last_name`, `address`) VALUES
(1, 'Shepperd', 'Burkert', '5 Sachs Way'),
(2, 'Michaela', 'Questier', '1085 American Ash Circle'),
(3, 'Beck', 'Frye', '7979 Forest Dale Center'),
(4, 'Julian', 'Dunster', '93349 Forster Center'),
(5, 'Grayce', 'Blazejewsk', '3284 Talmadge Crossing'),
(6, 'Zea', 'Wilde', '2 Elgar Way'),
(7, 'Katha', 'Rawsthorne', '19512 Fallview Trail'),
(8, 'Erl', 'Crewther', '583 Northfield Place'),
(9, 'Gayelord', 'Munslow', '8 Logan Avenue'),
(10, 'Karlens', 'Chinnery', '55 Comanche Lane'),
(11, 'Lauren', 'Werndley', '3 Susan Junction'),
(12, 'Carmon', 'Corbett', '85813 Fordem Pass'),
(13, 'Lisle', 'Witterick', '2658 Londonderry Parkway'),
(14, 'Glen', 'Rockwill', '23 Morrow Way'),
(15, 'Natal', 'Abrahami', '4634 Briar Crest Junction'),
(16, 'Aidan', 'Plues', '135 Magdeline Trail'),
(17, 'Fonz', 'Bison', '0689 Blackbird Plaza'),
(18, 'Lizette', 'Mourbey', '8 Warbler Center'),
(19, 'Danila', 'Argile', '9 Stuart Lane'),
(20, 'Bevin', 'Scoullar', '273 Redwing Pass'),
(21, 'Ediva', 'Greenstead', '72694 Northland Trail'),
(22, 'Freeman', 'Vala', '3 School Road'),
(23, 'Sig', 'Bellanger', '29 Manley Center'),
(24, 'Ethelred', 'Elderbrant', '17452 Cody Center'),
(25, 'Frans', 'Filasov', '39698 Emmet Lane'),
(26, 'Melantha', 'Duff', '55 Lindbergh Court'),
(27, 'Perkin', 'Hullin', '446 Redwing Drive'),
(28, 'Josi', 'Birtle', '1 Delladonna Trail'),
(29, 'Merell', 'Belfitt', '0914 Magdeline Terrace'),
(30, 'Tierney', 'Godfray', '462 Hintze Trail'),
(31, 'Iago', 'Scawton', '82851 Ridgeview Alley'),
(32, 'Monika', 'Odlin', '15 Manufacturers Road'),
(33, 'Kimberlee', 'Izkovicz', '9 8th Avenue'),
(34, 'Maxie', 'Mackerness', '70102 Katie Circle'),
(35, 'Devy', 'Wildbore', '58 Bunting Hill'),
(36, 'Olivier', 'Codron', '7254 Nova Crossing'),
(37, 'Kathi', 'Fosken', '3494 Transport Way'),
(38, 'Sapphira', 'Scanlin', '46770 Cardinal Terrace'),
(39, 'Timofei', 'Hurford', '1303 Ruskin Circle'),
(40, 'Julio', 'Menault', '25 Montana Junction'),
(41, 'Andros', 'Bedham', '4 Anzinger Trail'),
(42, 'Anabella', 'Cowdroy', '4 Badeau Crossing'),
(43, 'Virginia', 'Summers', '903 Vahlen Junction'),
(44, 'Quinton', 'Kitson', '7 Graceland Street'),
(45, 'Claudian', 'Beardswort', '77787 Roxbury Avenue'),
(46, 'Lyndell', 'McAlpin', '3 Anzinger Lane'),
(47, 'Lynett', 'Corbett', '83441 Paget Avenue'),
(48, 'Linc', 'Papachrist', '4 Dorton Terrace'),
(49, 'Lenee', 'Sanbrook', '3999 Norway Maple Crossing'),
(50, 'Lisle', 'Pollen', '46643 Morning Court'),
(51, 'Genvieve', 'Reading', '32 Walton Trail'),
(52, 'Joli', 'Seear', '102 Schmedeman Avenue'),
(53, 'Monroe', 'Schoffel', '065 Welch Point'),
(54, 'Rafe', 'Shillingto', '49312 Nevada Way'),
(55, 'Gigi', 'McMorran', '79663 Dixon Point'),
(56, 'Bethany', 'Lund', '27774 Manitowish Road'),
(57, 'Phillida', 'Sterricker', '53846 Badeau Way'),
(58, 'Cathie', 'MacTavish', '07026 Grayhawk Terrace'),
(59, 'Reggi', 'Liston', '1637 Quincy Center'),
(60, 'Serene', 'O\'Dare', '8 Holy Cross Way'),
(61, 'Ulrikaumek', 'Goodboddy', '4185 Elmside Street'),
(62, 'Wren', 'Kiernan', '6 Bobwhite Court'),
(63, 'Hester', 'Randlesome', '79272 Porter Center'),
(64, 'Amitie', 'Bernadot', '5 Gerald Parkway'),
(65, 'Larina', 'Cattermole', '99909 Hanover Center'),
(66, 'Elinor', 'Gable', '29335 Hoffman Alley'),
(67, 'Morgana', 'Rainforth', '987 Northfield Drive'),
(68, 'Franny', 'Di Bernard', '352 Burrows Road'),
(69, 'Rooney', 'Veall', '12339 7th Point'),
(70, 'Alexander', 'Trebble', '33386 Mcbride Pass'),
(71, 'Waverly', 'Brotherhee', '93380 Almo Circle'),
(72, 'Penny', 'Toby', '13 Hollow Ridge Terrace'),
(73, 'Merrilee', 'Sarl', '9 Blackbird Park'),
(74, 'Shawn', 'Oganesian', '825 Saint Paul Crossing'),
(75, 'Cathie', 'Peres', '2 Fuller Park'),
(76, 'Eleni', 'Libermore', '07 Novick Junction'),
(77, 'Tyne', 'Nesfield', '3 Laurel Pass'),
(78, 'Loralie', 'Gibbe', '995 Kensington Parkway'),
(79, 'Onfroi', 'Heugh', '0 Stoughton Way'),
(80, 'Rogerio', 'Abrahami', '20144 Becker Avenue'),
(81, 'Timothy', 'Hoxey', '69 Huxley Way'),
(82, 'Elna', 'Smeeth', '6 Meadow Valley Alley'),
(83, 'Clareta', 'Iskow', '756 Cascade Street'),
(84, 'Wolf', 'Seson', '436 Ronald Regan Junction'),
(85, 'Glennie', 'Kira', '0394 Texas Parkway'),
(86, 'Eben', 'Linturn', '49594 Bluejay Circle'),
(87, 'Frannie', 'Coult', '726 Emmet Drive'),
(88, 'Gus', 'Yanshinov', '0 Amoth Parkway'),
(89, 'Kenton', 'Bleakley', '1 Warbler Way'),
(90, 'Elissa', 'Olenchenko', '212 Northport Junction'),
(91, 'Fianna', 'Corkel', '642 Anhalt Avenue'),
(92, 'Garret', 'Paulig', '79 Northland Point'),
(93, 'Moira', 'Hadeke', '7 Hayes Park'),
(94, 'Matthieu', 'Pratchett', '1724 Morrow Hill'),
(95, 'Madelon', 'Nuccii', '0 Gulseth Point'),
(96, 'Brice', 'Trafford', '044 Starling Court'),
(97, 'Krispin', 'Skipping', '1846 Dakota Lane'),
(98, 'Carmella', 'Magson', '8666 Susan Park'),
(99, 'Sibel', 'Manntschke', '98027 Dayton Junction'),
(100, 'Leanna', 'Slorach', '3908 Lukken Plaza');

-- --------------------------------------------------------

--
-- Table structure for table `ordered_items`
--

CREATE TABLE `ordered_items` (
  `itemIndex` int(11) NOT NULL,
  `product_id` int(11) DEFAULT NULL,
  `quantity` int(11) DEFAULT NULL,
  `order_id` int(11) DEFAULT NULL,
  `total_price` decimal(10,2) DEFAULT NULL
) ENGINE=InnoDB DEFAULT CHARSET=latin1;

--
-- Dumping data for table `ordered_items`
--

INSERT INTO `ordered_items` (`itemIndex`, `product_id`, `quantity`, `order_id`, `total_price`) VALUES
(1, 88, 2, 1, '31.70'),
(2, 78, 4, 2, '260.52'),
(3, 67, 8, 3, '206.00'),
(4, 54, 4, 4, '4.40'),
(5, 87, 10, 5, '907.50'),
(6, 80, 7, 6, '559.93'),
(7, 7, 4, 7, '2400.00'),
(8, 52, 6, 8, '20.16'),
(9, 95, 10, 9, '396.60'),
(10, 28, 4, 10, '108.72'),
(11, 44, 5, 11, '464.70'),
(12, 62, 6, 12, '557.04'),
(13, 5, 1, 13, '69000.00'),
(14, 40, 8, 14, '220.00'),
(15, 25, 1, 15, '29.68'),
(16, 83, 4, 16, '307.08'),
(17, 56, 2, 17, '79.66'),
(18, 64, 10, 18, '546.60'),
(19, 76, 2, 19, '158.72'),
(20, 91, 5, 20, '184.70'),
(21, 47, 1, 21, '99.07'),
(22, 30, 2, 22, '104.84'),
(23, 82, 9, 23, '117.54'),
(24, 66, 8, 24, '704.24'),
(25, 54, 4, 25, '4.40'),
(26, 90, 2, 26, '189.68'),
(27, 35, 10, 27, '64.60'),
(28, 6, 8, 28, '10.32'),
(29, 59, 7, 29, '370.16'),
(30, 21, 5, 30, '152.95'),
(31, 77, 8, 31, '445.76'),
(32, 90, 1, 32, '94.84'),
(33, 5, 10, 33, '690000.00'),
(34, 29, 1, 34, '45.93'),
(35, 83, 10, 35, '767.70'),
(36, 59, 5, 36, '264.40'),
(37, 35, 4, 37, '25.84'),
(38, 92, 3, 38, '199.02'),
(39, 43, 5, 39, '164.70'),
(40, 28, 10, 40, '271.80'),
(41, 80, 10, 41, '799.90'),
(42, 21, 3, 42, '91.77'),
(43, 61, 7, 43, '680.19'),
(44, 31, 6, 44, '178.20'),
(45, 60, 4, 45, '290.32'),
(46, 54, 8, 46, '8.80'),
(47, 19, 6, 47, '346.62'),
(48, 52, 9, 48, '30.24'),
(49, 99, 8, 49, '655.84'),
(50, 83, 2, 50, '153.54'),
(51, 86, 2, 51, '39.72'),
(52, 33, 6, 52, '495.42'),
(53, 24, 9, 53, '93.42'),
(54, 23, 3, 54, '227.73'),
(55, 18, 1, 55, '64.80'),
(56, 57, 4, 56, '42.20'),
(57, 26, 7, 57, '451.15'),
(58, 100, 4, 58, '255.08'),
(59, 42, 6, 59, '394.68'),
(60, 31, 1, 60, '29.70'),
(61, 30, 1, 61, '52.42'),
(62, 75, 8, 62, '123.28'),
(63, 42, 5, 63, '328.90'),
(64, 69, 7, 64, '424.41'),
(65, 84, 6, 65, '218.70'),
(66, 56, 4, 66, '159.32'),
(67, 58, 6, 67, '519.72'),
(68, 25, 9, 68, '267.12'),
(69, 46, 4, 69, '80.48'),
(70, 42, 10, 70, '657.80'),
(71, 95, 2, 71, '79.32'),
(72, 92, 9, 72, '597.06'),
(73, 38, 9, 73, '437.04'),
(74, 32, 1, 74, '47.18'),
(75, 98, 8, 75, '410.08'),
(76, 97, 10, 76, '449.80'),
(77, 91, 3, 77, '110.82'),
(78, 82, 10, 78, '130.60'),
(79, 87, 2, 79, '181.50'),
(80, 61, 9, 80, '874.53'),
(81, 77, 8, 81, '445.76'),
(82, 27, 6, 82, '137.22'),
(83, 1, 3, 83, '3.87'),
(84, 19, 4, 84, '231.08'),
(85, 88, 6, 85, '95.10'),
(86, 15, 5, 86, '210.30'),
(87, 20, 7, 87, '676.83'),
(88, 29, 5, 88, '229.65'),
(89, 72, 6, 89, '53.28'),
(90, 64, 3, 90, '163.98'),
(91, 99, 7, 91, '573.86'),
(92, 54, 9, 92, '9.90'),
(93, 77, 8, 93, '445.76'),
(94, 82, 4, 94, '52.24'),
(95, 98, 3, 95, '153.78'),
(96, 66, 8, 96, '704.24'),
(97, 35, 5, 97, '32.30'),
(98, 13, 3, 98, '62.85'),
(99, 42, 4, 99, '263.12'),
(100, 67, 3, 100, '77.25'),
(101, 47, 4, 101, '396.28'),
(102, 71, 3, 102, '93.69'),
(103, 70, 3, 103, '63.42'),
(104, 86, 2, 104, '39.72'),
(105, 51, 1, 105, '59.71'),
(106, 100, 1, 106, '63.77'),
(107, 52, 3, 107, '10.08'),
(108, 28, 4, 108, '108.72'),
(109, 84, 9, 109, '328.05'),
(110, 84, 9, 110, '328.05'),
(111, 22, 7, 111, '519.96'),
(112, 17, 6, 112, '319.92'),
(113, 10, 4, 113, '25.16'),
(114, 54, 10, 114, '11.00'),
(115, 75, 9, 115, '138.69'),
(116, 27, 5, 116, '114.35'),
(117, 75, 1, 117, '15.41'),
(118, 54, 6, 118, '6.60'),
(119, 68, 5, 119, '133.80'),
(120, 9, 8, 120, '24000.00'),
(121, 94, 9, 121, '716.31'),
(122, 51, 2, 122, '119.42'),
(123, 90, 1, 123, '94.84'),
(124, 31, 8, 124, '237.60'),
(125, 23, 8, 125, '607.28'),
(126, 99, 1, 126, '81.98'),
(127, 24, 7, 127, '72.66'),
(128, 87, 3, 128, '272.25'),
(129, 71, 8, 129, '249.84'),
(130, 38, 7, 130, '339.92'),
(131, 92, 3, 131, '199.02'),
(132, 45, 1, 132, '32.54'),
(133, 17, 6, 133, '319.92'),
(134, 46, 8, 134, '160.96'),
(135, 26, 9, 135, '580.05'),
(136, 17, 5, 136, '266.60'),
(137, 85, 9, 137, '819.45'),
(138, 54, 10, 138, '11.00'),
(139, 82, 5, 139, '65.30'),
(140, 44, 2, 140, '185.88'),
(141, 12, 1, 141, '1.50'),
(142, 24, 3, 142, '31.14'),
(143, 69, 10, 143, '606.30'),
(144, 28, 3, 144, '81.54'),
(145, 15, 3, 145, '126.18'),
(146, 41, 4, 146, '296.04'),
(147, 77, 9, 147, '501.48'),
(148, 59, 6, 148, '317.28'),
(149, 38, 9, 149, '437.04'),
(150, 94, 9, 150, '716.31'),
(151, 87, 10, 151, '907.50'),
(152, 32, 4, 152, '188.72'),
(153, 13, 5, 153, '104.75'),
(154, 90, 2, 154, '189.68'),
(155, 79, 6, 155, '570.24'),
(156, 99, 10, 156, '819.80'),
(157, 74, 10, 157, '688.00'),
(158, 68, 2, 158, '53.52'),
(159, 48, 1, 159, '1.73'),
(160, 82, 10, 160, '130.60'),
(161, 17, 10, 161, '533.20'),
(162, 30, 9, 162, '471.78'),
(163, 64, 10, 163, '546.60'),
(164, 31, 4, 164, '118.80'),
(165, 29, 10, 165, '459.30'),
(166, 87, 4, 166, '363.00'),
(167, 26, 8, 167, '515.60'),
(168, 22, 6, 168, '445.68'),
(169, 31, 8, 169, '237.60'),
(170, 46, 10, 170, '201.20'),
(171, 31, 9, 171, '267.30'),
(172, 13, 10, 172, '209.50'),
(173, 93, 10, 173, '580.40'),
(174, 50, 4, 174, '78.64'),
(175, 58, 1, 175, '86.62'),
(176, 87, 9, 176, '816.75'),
(177, 91, 5, 177, '184.70'),
(178, 94, 2, 178, '159.18'),
(179, 94, 8, 179, '636.72'),
(180, 23, 4, 180, '303.64'),
(181, 36, 4, 181, '71.60'),
(182, 70, 9, 182, '190.26'),
(183, 34, 3, 183, '12.81'),
(184, 39, 10, 184, '634.70'),
(185, 44, 5, 185, '464.70'),
(186, 51, 10, 186, '597.10'),
(187, 66, 4, 187, '352.12'),
(188, 5, 9, 188, '621000.00'),
(189, 85, 5, 189, '455.25'),
(190, 100, 4, 190, '255.08'),
(191, 98, 9, 191, '461.34'),
(192, 14, 2, 192, '61.70'),
(193, 31, 9, 193, '267.30'),
(194, 49, 4, 194, '222.56'),
(195, 5, 3, 195, '207000.00'),
(196, 29, 9, 196, '413.37'),
(197, 100, 9, 197, '573.93'),
(198, 18, 5, 198, '324.00'),
(199, 39, 9, 199, '571.23'),
(200, 11, 4, 200, '93.16'),
(201, 42, 4, 201, '263.12'),
(202, 57, 5, 202, '52.75'),
(203, 9, 4, 203, '12000.00'),
(204, 50, 2, 204, '39.32'),
(205, 96, 4, 205, '361.72'),
(206, 11, 9, 206, '209.61'),
(207, 63, 4, 207, '135.88'),
(208, 40, 3, 208, '82.50'),
(209, 41, 9, 209, '666.09'),
(210, 83, 6, 210, '460.62'),
(211, 50, 6, 211, '117.96'),
(212, 7, 3, 212, '1800.00'),
(213, 18, 8, 213, '518.40'),
(214, 9, 8, 214, '24000.00'),
(215, 73, 8, 215, '752.00'),
(216, 13, 5, 216, '104.75'),
(217, 2, 5, 217, '54.50'),
(218, 74, 5, 218, '344.00'),
(219, 99, 1, 219, '81.98'),
(220, 30, 4, 220, '209.68'),
(221, 93, 3, 221, '174.12'),
(222, 71, 7, 222, '218.61'),
(223, 84, 7, 223, '255.15'),
(224, 91, 1, 224, '36.94'),
(225, 24, 9, 225, '93.42'),
(226, 39, 3, 226, '190.41'),
(227, 27, 3, 227, '68.61'),
(228, 98, 2, 228, '102.52'),
(229, 79, 4, 229, '380.16'),
(230, 91, 4, 230, '147.76'),
(231, 41, 2, 231, '148.02'),
(232, 25, 1, 232, '29.68'),
(233, 12, 10, 233, '15.00'),
(234, 37, 4, 234, '347.76'),
(235, 42, 4, 235, '263.12'),
(236, 15, 9, 236, '378.54'),
(237, 65, 1, 237, '12.31'),
(238, 77, 2, 238, '111.44'),
(239, 69, 3, 239, '181.89'),
(240, 4, 1, 240, '20000.00'),
(241, 81, 5, 241, '421.80'),
(242, 54, 6, 242, '6.60'),
(243, 60, 1, 243, '72.58'),
(244, 57, 9, 244, '94.95'),
(245, 21, 4, 245, '122.36'),
(246, 64, 1, 246, '54.66'),
(247, 15, 6, 247, '252.36'),
(248, 73, 10, 248, '940.00'),
(249, 43, 7, 249, '230.58'),
(250, 84, 4, 250, '145.80'),
(251, 79, 2, 251, '190.08'),
(252, 42, 4, 252, '263.12'),
(253, 17, 1, 253, '53.32'),
(254, 88, 5, 254, '79.25'),
(255, 49, 4, 255, '222.56'),
(256, 34, 8, 256, '34.16'),
(257, 45, 9, 257, '292.86'),
(258, 74, 6, 258, '412.80'),
(259, 25, 10, 259, '296.80'),
(260, 51, 1, 260, '59.71'),
(261, 33, 7, 261, '577.99'),
(262, 79, 7, 262, '665.28'),
(263, 45, 2, 263, '65.08'),
(264, 13, 3, 264, '62.85'),
(265, 22, 3, 265, '222.84'),
(266, 87, 9, 266, '816.75'),
(267, 2, 3, 267, '32.70'),
(268, 48, 1, 268, '1.73'),
(269, 12, 10, 269, '15.00'),
(270, 23, 8, 270, '607.28'),
(271, 72, 7, 271, '62.16'),
(272, 20, 5, 272, '483.45'),
(273, 16, 8, 273, '364.40'),
(274, 50, 2, 274, '39.32'),
(275, 85, 7, 275, '637.35'),
(276, 83, 8, 276, '614.16'),
(277, 79, 9, 277, '855.36'),
(278, 46, 8, 278, '160.96'),
(279, 51, 9, 279, '537.39'),
(280, 75, 4, 280, '61.64'),
(281, 87, 1, 281, '90.75'),
(282, 48, 10, 282, '17.30'),
(283, 39, 9, 283, '571.23'),
(284, 12, 4, 284, '6.00'),
(285, 87, 7, 285, '635.25'),
(286, 23, 1, 286, '75.91'),
(287, 46, 5, 287, '100.60'),
(288, 47, 4, 288, '396.28'),
(289, 98, 4, 289, '205.04'),
(290, 60, 8, 290, '580.64'),
(291, 50, 7, 291, '137.62'),
(292, 53, 3, 292, '159.27'),
(293, 84, 10, 293, '364.50'),
(294, 85, 9, 294, '819.45'),
(295, 22, 1, 295, '74.28'),
(296, 58, 5, 296, '433.10'),
(297, 73, 8, 297, '752.00'),
(298, 69, 6, 298, '363.78'),
(299, 42, 4, 299, '263.12'),
(300, 84, 4, 300, '145.80'),
(301, 95, 6, 301, '237.96'),
(302, 8, 5, 302, '4000.00'),
(303, 12, 5, 303, '7.50'),
(304, 19, 4, 304, '231.08'),
(305, 7, 9, 305, '5400.00'),
(306, 40, 5, 306, '137.50'),
(307, 81, 7, 307, '590.52'),
(308, 27, 8, 308, '182.96'),
(309, 38, 8, 309, '388.48'),
(310, 87, 6, 310, '544.50'),
(311, 95, 7, 311, '277.62'),
(312, 44, 10, 312, '929.40'),
(313, 7, 3, 313, '1800.00'),
(314, 63, 2, 314, '67.94'),
(315, 100, 7, 315, '446.39'),
(316, 77, 1, 316, '55.72'),
(317, 3, 4, 317, '27.60'),
(318, 19, 5, 318, '288.85'),
(319, 44, 3, 319, '278.82'),
(320, 85, 3, 320, '273.15'),
(321, 56, 7, 321, '278.81'),
(322, 16, 2, 322, '91.10'),
(323, 56, 6, 323, '238.98'),
(324, 49, 8, 324, '445.12'),
(325, 86, 5, 325, '99.30'),
(326, 4, 4, 326, '80000.00'),
(327, 66, 6, 327, '528.18'),
(328, 70, 10, 328, '211.40'),
(329, 94, 7, 329, '557.13'),
(330, 11, 5, 330, '116.45'),
(331, 15, 9, 331, '378.54'),
(332, 11, 10, 332, '232.90'),
(333, 60, 6, 333, '435.48'),
(334, 72, 8, 334, '71.04'),
(335, 92, 1, 335, '66.34'),
(336, 52, 6, 336, '20.16'),
(337, 37, 8, 337, '695.52'),
(338, 85, 1, 338, '91.05'),
(339, 46, 3, 339, '60.36'),
(340, 34, 1, 340, '4.27'),
(341, 31, 10, 341, '297.00'),
(342, 24, 7, 342, '72.66'),
(343, 66, 4, 343, '352.12'),
(344, 89, 10, 344, '648.90'),
(345, 40, 10, 345, '275.00'),
(346, 64, 8, 346, '437.28'),
(347, 83, 8, 347, '614.16'),
(348, 25, 5, 348, '148.40'),
(349, 13, 6, 349, '125.70'),
(350, 70, 4, 350, '84.56'),
(351, 13, 10, 351, '209.50'),
(352, 73, 6, 352, '564.00'),
(353, 33, 10, 353, '825.70'),
(354, 77, 4, 354, '222.88'),
(355, 7, 1, 355, '600.00'),
(356, 55, 6, 356, '404.10'),
(357, 62, 4, 357, '371.36'),
(358, 80, 7, 358, '559.93'),
(359, 38, 6, 359, '291.36'),
(360, 3, 8, 360, '55.20'),
(361, 34, 4, 361, '17.08'),
(362, 36, 5, 362, '89.50'),
(363, 77, 7, 363, '390.04'),
(364, 46, 2, 364, '40.24'),
(365, 46, 4, 365, '80.48'),
(366, 11, 3, 366, '69.87'),
(367, 33, 6, 367, '495.42'),
(368, 77, 7, 368, '390.04'),
(369, 82, 1, 369, '13.06'),
(370, 19, 8, 370, '462.16'),
(371, 85, 5, 371, '455.25'),
(372, 10, 9, 372, '56.61'),
(373, 2, 8, 373, '87.20'),
(374, 76, 7, 374, '555.52'),
(375, 72, 6, 375, '53.28'),
(376, 97, 9, 376, '404.82'),
(377, 20, 8, 377, '773.52'),
(378, 47, 5, 378, '495.35'),
(379, 4, 4, 379, '80000.00'),
(380, 30, 8, 380, '419.36'),
(381, 32, 4, 381, '188.72'),
(382, 86, 3, 382, '59.58'),
(383, 25, 1, 383, '29.68'),
(384, 59, 8, 384, '423.04'),
(385, 64, 9, 385, '491.94'),
(386, 18, 6, 386, '388.80'),
(387, 18, 5, 387, '324.00'),
(388, 43, 9, 388, '296.46'),
(389, 53, 9, 389, '477.81'),
(390, 72, 8, 390, '71.04'),
(391, 75, 1, 391, '15.41'),
(392, 25, 6, 392, '178.08'),
(393, 69, 9, 393, '545.67'),
(394, 32, 7, 394, '330.26'),
(395, 89, 2, 395, '129.78'),
(396, 21, 9, 396, '275.31'),
(397, 8, 4, 397, '3200.00'),
(398, 58, 10, 398, '866.20'),
(399, 24, 8, 399, '83.04'),
(400, 35, 6, 400, '38.76'),
(401, 6, 6, 401, '7.74'),
(402, 34, 2, 402, '8.54'),
(403, 88, 1, 403, '15.85'),
(404, 33, 6, 404, '495.42'),
(405, 11, 6, 405, '139.74'),
(406, 33, 8, 406, '660.56'),
(407, 56, 10, 407, '398.30'),
(408, 77, 9, 408, '501.48'),
(409, 50, 1, 409, '19.66'),
(410, 63, 9, 410, '305.73'),
(411, 70, 5, 411, '105.70'),
(412, 38, 9, 412, '437.04'),
(413, 32, 1, 413, '47.18'),
(414, 19, 8, 414, '462.16'),
(415, 97, 3, 415, '134.94'),
(416, 9, 8, 416, '24000.00'),
(417, 76, 8, 417, '634.88'),
(418, 7, 8, 418, '4800.00'),
(419, 68, 10, 419, '267.60'),
(420, 82, 1, 420, '13.06'),
(421, 18, 5, 421, '324.00'),
(422, 69, 2, 422, '121.26'),
(423, 6, 3, 423, '3.87'),
(424, 92, 4, 424, '265.36'),
(425, 8, 10, 425, '8000.00'),
(426, 47, 10, 426, '990.70'),
(427, 79, 9, 427, '855.36'),
(428, 40, 2, 428, '55.00'),
(429, 9, 2, 429, '6000.00'),
(430, 93, 10, 430, '580.40'),
(431, 33, 1, 431, '82.57'),
(432, 66, 2, 432, '176.06'),
(433, 87, 8, 433, '726.00'),
(434, 68, 4, 434, '107.04'),
(435, 50, 10, 435, '196.60'),
(436, 63, 7, 436, '237.79'),
(437, 5, 2, 437, '138000.00'),
(438, 92, 5, 438, '331.70'),
(439, 48, 3, 439, '5.19'),
(440, 54, 9, 440, '9.90'),
(441, 74, 5, 441, '344.00'),
(442, 8, 8, 442, '6400.00'),
(443, 71, 1, 443, '31.23'),
(444, 70, 10, 444, '211.40'),
(445, 74, 2, 445, '137.60'),
(446, 89, 8, 446, '519.12'),
(447, 54, 5, 447, '5.50'),
(448, 2, 7, 448, '76.30'),
(449, 1, 7, 449, '9.03'),
(450, 74, 5, 450, '344.00'),
(451, 73, 7, 451, '658.00'),
(452, 70, 9, 452, '190.26'),
(453, 24, 1, 453, '10.38'),
(454, 79, 1, 454, '95.04'),
(455, 55, 3, 455, '202.05'),
(456, 66, 4, 456, '352.12'),
(457, 7, 5, 457, '3000.00'),
(458, 90, 5, 458, '474.20'),
(459, 79, 5, 459, '475.20'),
(460, 28, 8, 460, '217.44'),
(461, 22, 8, 461, '594.24'),
(462, 63, 6, 462, '203.82'),
(463, 36, 7, 463, '125.30'),
(464, 68, 9, 464, '240.84'),
(465, 57, 10, 465, '105.50'),
(466, 18, 1, 466, '64.80'),
(467, 65, 5, 467, '61.55'),
(468, 17, 10, 468, '533.20'),
(469, 23, 3, 469, '227.73'),
(470, 83, 7, 470, '537.39'),
(471, 98, 9, 471, '461.34'),
(472, 83, 4, 472, '307.08'),
(473, 31, 3, 473, '89.10'),
(474, 66, 10, 474, '880.30'),
(475, 31, 1, 475, '29.70'),
(476, 79, 8, 476, '760.32'),
(477, 41, 9, 477, '666.09'),
(478, 94, 10, 478, '795.90'),
(479, 69, 5, 479, '303.15'),
(480, 6, 4, 480, '5.16'),
(481, 37, 5, 481, '434.70'),
(482, 24, 5, 482, '51.90'),
(483, 68, 7, 483, '187.32'),
(484, 65, 6, 484, '73.86'),
(485, 1, 10, 485, '12.90'),
(486, 90, 1, 486, '94.84'),
(487, 20, 8, 487, '773.52'),
(488, 100, 5, 488, '318.85'),
(489, 30, 1, 489, '52.42'),
(490, 81, 5, 490, '421.80'),
(491, 98, 3, 491, '153.78'),
(492, 77, 8, 492, '445.76'),
(493, 5, 1, 493, '69000.00'),
(494, 67, 9, 494, '231.75'),
(495, 45, 1, 495, '32.54'),
(496, 58, 1, 496, '86.62'),
(497, 45, 8, 497, '260.32'),
(498, 97, 8, 498, '359.84'),
(499, 90, 3, 499, '284.52'),
(500, 22, 10, 500, '742.80'),
(501, 13, 7, 501, '146.65'),
(502, 7, 4, 502, '2400.00'),
(503, 99, 4, 503, '327.92'),
(504, 9, 7, 504, '21000.00'),
(505, 81, 8, 505, '674.88'),
(506, 10, 4, 506, '25.16'),
(507, 49, 5, 507, '278.20'),
(508, 78, 3, 508, '195.39'),
(509, 88, 5, 509, '79.25'),
(510, 21, 4, 510, '122.36'),
(511, 11, 5, 511, '116.45'),
(512, 53, 8, 512, '424.72'),
(513, 98, 3, 513, '153.78'),
(514, 34, 1, 514, '4.27'),
(515, 3, 6, 515, '41.40'),
(516, 19, 5, 516, '288.85'),
(517, 83, 8, 517, '614.16'),
(518, 23, 1, 518, '75.91'),
(519, 70, 5, 519, '105.70'),
(520, 35, 6, 520, '38.76'),
(521, 66, 8, 521, '704.24'),
(522, 19, 6, 522, '346.62'),
(523, 89, 5, 523, '324.45'),
(524, 65, 10, 524, '123.10'),
(525, 67, 10, 525, '257.50'),
(526, 23, 8, 526, '607.28'),
(527, 99, 4, 527, '327.92'),
(528, 61, 10, 528, '971.70'),
(529, 68, 10, 529, '267.60'),
(530, 4, 1, 530, '20000.00'),
(531, 87, 1, 531, '90.75'),
(532, 60, 9, 532, '653.22'),
(533, 99, 7, 533, '573.86'),
(534, 9, 4, 534, '12000.00'),
(535, 61, 6, 535, '583.02'),
(536, 24, 1, 536, '10.38'),
(537, 45, 4, 537, '130.16'),
(538, 51, 4, 538, '238.84'),
(539, 52, 3, 539, '10.08'),
(540, 48, 4, 540, '6.92'),
(541, 72, 9, 541, '79.92'),
(542, 17, 2, 542, '106.64'),
(543, 94, 2, 543, '159.18'),
(544, 57, 2, 544, '21.10'),
(545, 52, 10, 545, '33.60'),
(546, 94, 5, 546, '397.95'),
(547, 55, 8, 547, '538.80'),
(548, 65, 7, 548, '86.17'),
(549, 66, 10, 549, '880.30'),
(550, 2, 4, 550, '43.60'),
(551, 76, 2, 551, '158.72'),
(552, 27, 10, 552, '228.70'),
(553, 2, 1, 553, '10.90'),
(554, 5, 1, 554, '69000.00'),
(555, 66, 1, 555, '88.03'),
(556, 88, 10, 556, '158.50'),
(557, 78, 3, 557, '195.39'),
(558, 42, 5, 558, '328.90'),
(559, 43, 5, 559, '164.70'),
(560, 81, 8, 560, '674.88'),
(561, 31, 2, 561, '59.40'),
(562, 67, 10, 562, '257.50'),
(563, 18, 8, 563, '518.40'),
(564, 18, 10, 564, '648.00'),
(565, 12, 4, 565, '6.00'),
(566, 72, 1, 566, '8.88'),
(567, 32, 2, 567, '94.36'),
(568, 17, 2, 568, '106.64'),
(569, 75, 8, 569, '123.28'),
(570, 51, 2, 570, '119.42'),
(571, 98, 9, 571, '461.34'),
(572, 81, 3, 572, '253.08'),
(573, 54, 1, 573, '1.10'),
(574, 99, 2, 574, '163.96'),
(575, 33, 10, 575, '825.70'),
(576, 29, 10, 576, '459.30'),
(577, 84, 5, 577, '182.25'),
(578, 57, 7, 578, '73.85'),
(579, 58, 6, 579, '519.72'),
(580, 61, 3, 580, '291.51'),
(581, 74, 8, 581, '550.40'),
(582, 72, 7, 582, '62.16'),
(583, 23, 2, 583, '151.82'),
(584, 6, 7, 584, '9.03'),
(585, 44, 9, 585, '836.46'),
(586, 96, 5, 586, '452.15'),
(587, 59, 6, 587, '317.28'),
(588, 33, 5, 588, '412.85'),
(589, 83, 3, 589, '230.31'),
(590, 55, 4, 590, '269.40'),
(591, 33, 5, 591, '412.85'),
(592, 47, 4, 592, '396.28'),
(593, 37, 6, 593, '521.64'),
(594, 77, 10, 594, '557.20'),
(595, 17, 5, 595, '266.60'),
(596, 51, 10, 596, '597.10'),
(597, 99, 2, 597, '163.96'),
(598, 92, 8, 598, '530.72'),
(599, 42, 1, 599, '65.78'),
(600, 48, 8, 600, '13.84'),
(601, 75, 2, 601, '30.82'),
(602, 64, 8, 602, '437.28'),
(603, 1, 5, 603, '6.45'),
(604, 22, 8, 604, '594.24'),
(605, 98, 10, 605, '512.60'),
(606, 92, 10, 606, '663.40'),
(607, 20, 10, 607, '966.90'),
(608, 39, 3, 608, '190.41'),
(609, 5, 3, 609, '207000.00'),
(610, 77, 9, 610, '501.48'),
(611, 91, 9, 611, '332.46'),
(612, 66, 10, 612, '880.30'),
(613, 42, 4, 613, '263.12'),
(614, 93, 7, 614, '406.28'),
(615, 100, 10, 615, '637.70'),
(616, 45, 1, 616, '32.54'),
(617, 72, 4, 617, '35.52'),
(618, 82, 1, 618, '13.06'),
(619, 86, 5, 619, '99.30'),
(620, 67, 5, 620, '128.75'),
(621, 90, 3, 621, '284.52'),
(622, 58, 8, 622, '692.96'),
(623, 62, 3, 623, '278.52'),
(624, 74, 3, 624, '206.40'),
(625, 97, 10, 625, '449.80'),
(626, 21, 6, 626, '183.54'),
(627, 4, 2, 627, '40000.00'),
(628, 38, 5, 628, '242.80'),
(629, 30, 2, 629, '104.84'),
(630, 69, 2, 630, '121.26'),
(631, 17, 6, 631, '319.92'),
(632, 26, 2, 632, '128.90'),
(633, 89, 1, 633, '64.89'),
(634, 77, 5, 634, '278.60'),
(635, 46, 6, 635, '120.72'),
(636, 68, 3, 636, '80.28'),
(637, 92, 2, 637, '132.68'),
(638, 27, 9, 638, '205.83'),
(639, 99, 6, 639, '491.88'),
(640, 95, 7, 640, '277.62'),
(641, 97, 6, 641, '269.88'),
(642, 1, 6, 642, '7.74'),
(643, 57, 4, 643, '42.20'),
(644, 13, 10, 644, '209.50'),
(645, 14, 9, 645, '277.65'),
(646, 81, 8, 646, '674.88'),
(647, 2, 5, 647, '54.50'),
(648, 60, 10, 648, '725.80'),
(649, 36, 2, 649, '35.80'),
(650, 53, 3, 650, '159.27'),
(651, 18, 8, 651, '518.40'),
(652, 30, 1, 652, '52.42'),
(653, 68, 1, 653, '26.76'),
(654, 18, 3, 654, '194.40'),
(655, 10, 8, 655, '50.32'),
(656, 45, 9, 656, '292.86'),
(657, 19, 2, 657, '115.54'),
(658, 8, 10, 658, '8000.00'),
(659, 27, 7, 659, '160.09'),
(660, 64, 8, 660, '437.28'),
(661, 46, 5, 661, '100.60'),
(662, 27, 9, 662, '205.83'),
(663, 32, 1, 663, '47.18'),
(664, 6, 6, 664, '7.74'),
(665, 75, 3, 665, '46.23'),
(666, 76, 1, 666, '79.36'),
(667, 93, 8, 667, '464.32'),
(668, 27, 8, 668, '182.96'),
(669, 72, 3, 669, '26.64'),
(670, 86, 7, 670, '139.02'),
(671, 71, 5, 671, '156.15'),
(672, 20, 8, 672, '773.52'),
(673, 61, 6, 673, '583.02'),
(674, 51, 7, 674, '417.97'),
(675, 99, 5, 675, '409.90'),
(676, 31, 3, 676, '89.10'),
(677, 24, 6, 677, '62.28'),
(678, 63, 9, 678, '305.73'),
(679, 63, 3, 679, '101.91'),
(680, 39, 9, 680, '571.23'),
(681, 68, 3, 681, '80.28'),
(682, 1, 2, 682, '2.58'),
(683, 48, 6, 683, '10.38'),
(684, 70, 5, 684, '105.70'),
(685, 53, 9, 685, '477.81'),
(686, 53, 10, 686, '530.90'),
(687, 98, 8, 687, '410.08'),
(688, 100, 5, 688, '318.85'),
(689, 61, 5, 689, '485.85'),
(690, 31, 1, 690, '29.70'),
(691, 30, 6, 691, '314.52'),
(692, 57, 2, 692, '21.10'),
(693, 55, 1, 693, '67.35'),
(694, 13, 3, 694, '62.85'),
(695, 51, 5, 695, '298.55'),
(696, 24, 5, 696, '51.90'),
(697, 73, 4, 697, '376.00'),
(698, 37, 3, 698, '260.82'),
(699, 31, 9, 699, '267.30'),
(700, 8, 4, 700, '3200.00'),
(701, 92, 2, 701, '132.68'),
(702, 33, 2, 702, '165.14'),
(703, 31, 6, 703, '178.20'),
(704, 95, 4, 704, '158.64'),
(705, 2, 10, 705, '109.00'),
(706, 11, 6, 706, '139.74'),
(707, 47, 6, 707, '594.42'),
(708, 97, 10, 708, '449.80'),
(709, 29, 8, 709, '367.44'),
(710, 75, 5, 710, '77.05'),
(711, 92, 8, 711, '530.72'),
(712, 58, 4, 712, '346.48'),
(713, 94, 9, 713, '716.31'),
(714, 99, 9, 714, '737.82'),
(715, 91, 8, 715, '295.52'),
(716, 46, 6, 716, '120.72'),
(717, 9, 2, 717, '6000.00'),
(718, 43, 6, 718, '197.64'),
(719, 46, 6, 719, '120.72'),
(720, 53, 6, 720, '318.54'),
(721, 56, 7, 721, '278.81'),
(722, 60, 4, 722, '290.32'),
(723, 21, 8, 723, '244.72'),
(724, 28, 9, 724, '244.62'),
(725, 84, 9, 725, '328.05'),
(726, 85, 3, 726, '273.15'),
(727, 24, 5, 727, '51.90'),
(728, 80, 3, 728, '239.97'),
(729, 88, 2, 729, '31.70'),
(730, 24, 1, 730, '10.38'),
(731, 38, 4, 731, '194.24'),
(732, 49, 2, 732, '111.28'),
(733, 74, 7, 733, '481.60'),
(734, 38, 6, 734, '291.36'),
(735, 100, 5, 735, '318.85'),
(736, 100, 8, 736, '510.16'),
(737, 48, 7, 737, '12.11'),
(738, 51, 8, 738, '477.68'),
(739, 36, 4, 739, '71.60'),
(740, 34, 4, 740, '17.08'),
(741, 60, 6, 741, '435.48'),
(742, 72, 1, 742, '8.88'),
(743, 75, 3, 743, '46.23'),
(744, 64, 2, 744, '109.32'),
(745, 96, 2, 745, '180.86'),
(746, 86, 8, 746, '158.88'),
(747, 15, 10, 747, '420.60'),
(748, 30, 4, 748, '209.68'),
(749, 15, 6, 749, '252.36'),
(750, 27, 4, 750, '91.48'),
(751, 13, 1, 751, '20.95'),
(752, 57, 3, 752, '31.65'),
(753, 95, 9, 753, '356.94'),
(754, 94, 9, 754, '716.31'),
(755, 77, 4, 755, '222.88'),
(756, 52, 3, 756, '10.08'),
(757, 14, 9, 757, '277.65'),
(758, 54, 3, 758, '3.30'),
(759, 86, 8, 759, '158.88'),
(760, 18, 7, 760, '453.60'),
(761, 28, 9, 761, '244.62'),
(762, 58, 5, 762, '433.10'),
(763, 6, 5, 763, '6.45'),
(764, 82, 3, 764, '39.18'),
(765, 30, 6, 765, '314.52'),
(766, 52, 2, 766, '6.72'),
(767, 7, 3, 767, '1800.00'),
(768, 51, 10, 768, '597.10'),
(769, 68, 10, 769, '267.60'),
(770, 59, 4, 770, '211.52'),
(771, 77, 5, 771, '278.60'),
(772, 10, 3, 772, '18.87'),
(773, 24, 4, 773, '41.52'),
(774, 22, 8, 774, '594.24'),
(775, 25, 4, 775, '118.72'),
(776, 77, 7, 776, '390.04'),
(777, 75, 10, 777, '154.10'),
(778, 45, 2, 778, '65.08'),
(779, 3, 10, 779, '69.00'),
(780, 19, 5, 780, '288.85'),
(781, 89, 3, 781, '194.67'),
(782, 46, 3, 782, '60.36'),
(783, 21, 10, 783, '305.90'),
(784, 77, 1, 784, '55.72'),
(785, 5, 5, 785, '345000.00'),
(786, 4, 6, 786, '120000.00'),
(787, 27, 3, 787, '68.61'),
(788, 17, 6, 788, '319.92'),
(789, 36, 3, 789, '53.70'),
(790, 25, 1, 790, '29.68'),
(791, 8, 6, 791, '4800.00'),
(792, 96, 4, 792, '361.72'),
(793, 91, 7, 793, '258.58'),
(794, 69, 3, 794, '181.89'),
(795, 21, 2, 795, '61.18'),
(796, 80, 7, 796, '559.93'),
(797, 35, 5, 797, '32.30'),
(798, 92, 4, 798, '265.36'),
(799, 25, 6, 799, '178.08'),
(800, 86, 7, 800, '139.02'),
(801, 51, 2, 801, '119.42'),
(802, 69, 8, 802, '485.04'),
(803, 16, 6, 803, '273.30'),
(804, 24, 7, 804, '72.66'),
(805, 44, 6, 805, '557.64'),
(806, 56, 9, 806, '358.47'),
(807, 40, 10, 807, '275.00'),
(808, 96, 7, 808, '633.01'),
(809, 13, 10, 809, '209.50'),
(810, 35, 7, 810, '45.22'),
(811, 44, 2, 811, '185.88'),
(812, 2, 6, 812, '65.40'),
(813, 55, 6, 813, '404.10'),
(814, 10, 1, 814, '6.29'),
(815, 83, 3, 815, '230.31'),
(816, 26, 4, 816, '257.80'),
(817, 85, 4, 817, '364.20'),
(818, 28, 8, 818, '217.44'),
(819, 66, 3, 819, '264.09'),
(820, 22, 1, 820, '74.28'),
(821, 75, 1, 821, '15.41'),
(822, 86, 5, 822, '99.30'),
(823, 18, 6, 823, '388.80'),
(824, 24, 5, 824, '51.90'),
(825, 27, 5, 825, '114.35'),
(826, 64, 8, 826, '437.28'),
(827, 58, 1, 827, '86.62'),
(828, 90, 4, 828, '379.36'),
(829, 64, 3, 829, '163.98'),
(830, 17, 10, 830, '533.20'),
(831, 72, 5, 831, '44.40'),
(832, 18, 5, 832, '324.00'),
(833, 11, 2, 833, '46.58'),
(834, 2, 7, 834, '76.30'),
(835, 30, 7, 835, '366.94'),
(836, 10, 5, 836, '31.45'),
(837, 79, 10, 837, '950.40'),
(838, 59, 6, 838, '317.28'),
(839, 20, 1, 839, '96.69'),
(840, 75, 9, 840, '138.69'),
(841, 45, 4, 841, '130.16'),
(842, 5, 10, 842, '690000.00'),
(843, 7, 3, 843, '1800.00'),
(844, 88, 5, 844, '79.25'),
(845, 66, 8, 845, '704.24'),
(846, 14, 2, 846, '61.70'),
(847, 60, 4, 847, '290.32'),
(848, 76, 1, 848, '79.36'),
(849, 7, 7, 849, '4200.00'),
(850, 11, 4, 850, '93.16'),
(851, 59, 8, 851, '423.04'),
(852, 50, 4, 852, '78.64'),
(853, 61, 8, 853, '777.36'),
(854, 92, 10, 854, '663.40'),
(855, 67, 1, 855, '25.75'),
(856, 1, 4, 856, '5.16'),
(857, 97, 10, 857, '449.80'),
(858, 3, 8, 858, '55.20'),
(859, 89, 3, 859, '194.67'),
(860, 33, 2, 860, '165.14'),
(861, 37, 3, 861, '260.82'),
(862, 52, 9, 862, '30.24'),
(863, 56, 10, 863, '398.30'),
(864, 17, 1, 864, '53.32'),
(865, 56, 10, 865, '398.30'),
(866, 58, 10, 866, '866.20'),
(867, 53, 3, 867, '159.27'),
(868, 59, 2, 868, '105.76'),
(869, 71, 5, 869, '156.15'),
(870, 81, 10, 870, '843.60'),
(871, 23, 4, 871, '303.64'),
(872, 67, 7, 872, '180.25'),
(873, 99, 6, 873, '491.88'),
(874, 23, 9, 874, '683.19'),
(875, 17, 7, 875, '373.24'),
(876, 27, 4, 876, '91.48'),
(877, 60, 1, 877, '72.58'),
(878, 45, 5, 878, '162.70'),
(879, 58, 1, 879, '86.62'),
(880, 46, 9, 880, '181.08'),
(881, 70, 9, 881, '190.26'),
(882, 73, 4, 882, '376.00'),
(883, 58, 7, 883, '606.34'),
(884, 47, 1, 884, '99.07'),
(885, 39, 3, 885, '190.41'),
(886, 92, 3, 886, '199.02'),
(887, 59, 4, 887, '211.52'),
(888, 32, 6, 888, '283.08'),
(889, 52, 3, 889, '10.08'),
(890, 2, 10, 890, '109.00'),
(891, 45, 1, 891, '32.54'),
(892, 30, 4, 892, '209.68'),
(893, 86, 7, 893, '139.02'),
(894, 85, 3, 894, '273.15'),
(895, 19, 10, 895, '577.70'),
(896, 83, 7, 896, '537.39'),
(897, 31, 7, 897, '207.90'),
(898, 55, 3, 898, '202.05'),
(899, 30, 8, 899, '419.36'),
(900, 100, 7, 900, '446.39'),
(901, 70, 10, 901, '211.40'),
(902, 76, 4, 902, '317.44'),
(903, 21, 7, 903, '214.13'),
(904, 19, 10, 904, '577.70'),
(905, 1, 6, 905, '7.74'),
(906, 51, 5, 906, '298.55'),
(907, 27, 6, 907, '137.22'),
(908, 85, 4, 908, '364.20'),
(909, 80, 9, 909, '719.91'),
(910, 59, 4, 910, '211.52'),
(911, 92, 7, 911, '464.38'),
(912, 8, 7, 912, '5600.00'),
(913, 94, 6, 913, '477.54'),
(914, 64, 8, 914, '437.28'),
(915, 15, 10, 915, '420.60'),
(916, 43, 10, 916, '329.40'),
(917, 88, 1, 917, '15.85'),
(918, 4, 6, 918, '120000.00'),
(919, 47, 9, 919, '891.63'),
(920, 94, 8, 920, '636.72'),
(921, 4, 9, 921, '180000.00'),
(922, 84, 10, 922, '364.50'),
(923, 80, 4, 923, '319.96'),
(924, 57, 6, 924, '63.30'),
(925, 49, 4, 925, '222.56'),
(926, 81, 7, 926, '590.52'),
(927, 27, 9, 927, '205.83'),
(928, 26, 6, 928, '386.70'),
(929, 37, 5, 929, '434.70'),
(930, 86, 10, 930, '198.60'),
(931, 17, 1, 931, '53.32'),
(932, 55, 7, 932, '471.45'),
(933, 18, 10, 933, '648.00'),
(934, 88, 10, 934, '158.50'),
(935, 48, 7, 935, '12.11'),
(936, 5, 8, 936, '552000.00'),
(937, 89, 10, 937, '648.90'),
(938, 80, 10, 938, '799.90'),
(939, 77, 5, 939, '278.60'),
(940, 35, 4, 940, '25.84'),
(941, 34, 4, 941, '17.08'),
(942, 85, 5, 942, '455.25'),
(943, 89, 3, 943, '194.67'),
(944, 13, 5, 944, '104.75'),
(945, 12, 8, 945, '12.00'),
(946, 65, 3, 946, '36.93'),
(947, 59, 8, 947, '423.04'),
(948, 64, 2, 948, '109.32'),
(949, 85, 6, 949, '546.30'),
(950, 16, 3, 950, '136.65'),
(951, 96, 7, 951, '633.01'),
(952, 48, 5, 952, '8.65'),
(953, 41, 2, 953, '148.02'),
(954, 93, 1, 954, '58.04'),
(955, 3, 10, 955, '69.00'),
(956, 61, 8, 956, '777.36'),
(957, 48, 3, 957, '5.19'),
(958, 25, 2, 958, '59.36'),
(959, 3, 5, 959, '34.50'),
(960, 26, 10, 960, '644.50'),
(961, 61, 5, 961, '485.85'),
(962, 9, 8, 962, '24000.00'),
(963, 28, 1, 963, '27.18'),
(964, 81, 6, 964, '506.16'),
(965, 33, 2, 965, '165.14'),
(966, 95, 7, 966, '277.62'),
(967, 36, 4, 967, '71.60'),
(968, 55, 4, 968, '269.40'),
(969, 27, 2, 969, '45.74'),
(970, 51, 2, 970, '119.42'),
(971, 58, 6, 971, '519.72'),
(972, 24, 1, 972, '10.38'),
(973, 91, 1, 973, '36.94'),
(974, 93, 6, 974, '348.24'),
(975, 12, 4, 975, '6.00'),
(976, 84, 10, 976, '364.50'),
(977, 30, 6, 977, '314.52'),
(978, 86, 9, 978, '178.74'),
(979, 47, 3, 979, '297.21'),
(980, 90, 1, 980, '94.84'),
(981, 34, 9, 981, '38.43'),
(982, 77, 5, 982, '278.60'),
(983, 65, 5, 983, '61.55'),
(984, 87, 6, 984, '544.50'),
(985, 51, 5, 985, '298.55'),
(986, 29, 7, 986, '321.51'),
(987, 40, 3, 987, '82.50'),
(988, 82, 10, 988, '130.60'),
(989, 86, 10, 989, '198.60'),
(990, 96, 6, 990, '542.58'),
(991, 95, 3, 991, '118.98'),
(992, 30, 10, 992, '524.20'),
(993, 92, 9, 993, '597.06'),
(994, 10, 1, 994, '6.29'),
(995, 59, 8, 995, '423.04'),
(996, 23, 4, 996, '303.64'),
(997, 42, 4, 997, '263.12'),
(998, 70, 7, 998, '147.98'),
(999, 31, 1, 999, '29.70'),
(1000, 77, 3, 1000, '167.16');

-- --------------------------------------------------------

--
-- Table structure for table `products`
--

CREATE TABLE `products` (
  `product_id` int(11) NOT NULL,
  `product_name` varchar(15) DEFAULT NULL,
  `price` decimal(7,2) DEFAULT NULL,
  `category` int(11) DEFAULT NULL
) ENGINE=InnoDB DEFAULT CHARSET=latin1;

--
-- Dumping data for table `products`
--

INSERT INTO `products` (`product_id`, `product_name`, `price`, `category`) VALUES
(1, 'Croissant', '1.29', 5),
(2, 'hammer', '10.90', 1),
(3, 'screwdriver', '6.90', 1),
(4, 'mercedes', '20000.00', 6),
(5, 'jeep', '69000.00', 6),
(6, 'Air Deluxe', '1.29', 7),
(7, 'Arctic 2000', '600.00', 8),
(8, 'Dell FullHD', '800.00', 4),
(9, 'Alienware', '3000.00', 3),
(10, 'Bible', '6.29', 2),
(11, 'Game of Thrones', '23.29', 2),
(12, 'Snickers', '1.50', 5),
(13, 'Soup V8 Roasted', '20.95', 5),
(14, 'Fond - Chocolat', '30.85', 5),
(15, 'Bagels Poppysee', '42.06', 5),
(16, 'Soup - Knorr, M', '45.55', 5),
(17, 'Nut - Hazelnut,', '53.32', 5),
(18, 'True - Vue Cont', '64.80', 5),
(19, 'Croissant, Raw ', '57.77', 5),
(20, 'Tomatillo', '96.69', 5),
(21, 'Lamb - Loin, Tr', '30.59', 5),
(22, 'Pepper - Julien', '74.28', 5),
(23, 'Tea Peppermint', '75.91', 5),
(24, 'Puree - Mango', '10.38', 5),
(25, 'Pork Casing', '29.68', 5),
(26, 'Beer - Steamwhi', '64.45', 5),
(27, 'Pork - Loin, Bo', '22.87', 5),
(28, 'Pastry - Butter', '27.18', 5),
(29, 'Beer - Heinekin', '45.93', 5),
(30, 'Quail - Jumbo', '52.42', 5),
(31, 'Nantucket Orang', '29.70', 5),
(32, 'Buttons', '47.18', 5),
(33, 'Wine - Vineland', '82.57', 5),
(34, 'Wine - Vouvray ', '4.27', 5),
(35, 'Ezy Change Moph', '6.46', 5),
(36, 'Apples - Sparta', '17.90', 5),
(37, 'Apple - Granny ', '86.94', 5),
(38, 'Chervil - Fresh', '48.56', 5),
(39, 'Muffin - Carrot', '63.47', 5),
(40, 'Appetizer - Veg', '27.50', 5),
(41, 'Lamb - Pieces, ', '74.01', 5),
(42, 'Soup - Verve - ', '65.78', 5),
(43, 'Soup - Chicken ', '32.94', 5),
(44, 'Chestnuts - Who', '92.94', 5),
(45, 'Brandy Cherry -', '32.54', 5),
(46, 'Veal - Nuckle', '20.12', 5),
(47, 'Chicken - Diced', '99.07', 5),
(48, 'Raisin - Dark', '1.73', 5),
(49, 'Green Scrubbie ', '55.64', 5),
(50, 'Wine - Cave Spr', '19.66', 5),
(51, 'Food Colouring ', '59.71', 5),
(52, 'Quail - Whole, ', '3.36', 5),
(53, 'Bread - Kimel S', '53.09', 5),
(54, 'Cake - Cake She', '1.10', 5),
(55, 'Appetizer - Sau', '67.35', 5),
(56, 'Wood Chips - Re', '39.83', 5),
(57, 'Bowl 12 Oz - Sh', '10.55', 5),
(58, 'Kumquat', '86.62', 5),
(59, 'Cheese - Grie D', '52.88', 5),
(60, 'Capers - Ox Eye', '72.58', 5),
(61, 'Foie Gras', '97.17', 5),
(62, 'Chilli Paste, G', '92.84', 5),
(63, 'Leeks - Baby, W', '33.97', 5),
(64, 'Tart Shells - S', '54.66', 5),
(65, 'Vinegar - Champ', '12.31', 5),
(66, 'Filter - Coffee', '88.03', 5),
(67, 'Cleaner - Pine ', '25.75', 5),
(68, 'Champagne - Bri', '26.76', 5),
(69, 'Wine - Red, Gam', '60.63', 5),
(70, 'Zucchini - Mini', '21.14', 5),
(71, 'Gooseberry', '31.23', 5),
(72, 'Cactus Pads', '8.88', 5),
(73, 'Cookie Double C', '94.00', 5),
(74, 'Liquid Aminios ', '68.80', 5),
(75, 'Sparkling Wine ', '15.41', 5),
(76, 'Doilies - 12, P', '79.36', 5),
(77, 'Wine - Stonelie', '55.72', 5),
(78, 'Pork Casing', '65.13', 5),
(79, 'Cheese - Gorgon', '95.04', 5),
(80, 'Fruit Salad Del', '79.99', 5),
(81, 'Longos - Lasagn', '84.36', 5),
(82, 'Creme De Cacao ', '13.06', 5),
(83, 'Wine - Ice Wine', '76.77', 5),
(84, 'Wine - Rubyport', '36.45', 5),
(85, 'Oil - Cooking S', '91.05', 5),
(86, 'Mousse - Passio', '19.86', 5),
(87, 'Bonito Flakes -', '90.75', 5),
(88, 'Gherkin', '15.85', 5),
(89, 'Tilapia - Fille', '64.89', 5),
(90, 'Parasol Pick St', '94.84', 5),
(91, 'Salmon Steak - ', '36.94', 5),
(92, 'Nut - Chestnuts', '66.34', 5),
(93, 'Cheese - Cream ', '58.04', 5),
(94, 'Milk Powder', '79.59', 5),
(95, 'Hot Choc Vendin', '39.66', 5),
(96, 'Lemon Pepper', '90.43', 5),
(97, 'Monkfish Fresh ', '44.98', 5),
(98, 'Wine - Muscadet', '51.26', 5),
(99, 'Cheese - Perron', '81.98', 5),
(100, 'Flour - Masa De', '63.77', 5);

--
-- Indexes for dumped tables
--

--
-- Indexes for table `all_orders`
--
ALTER TABLE `all_orders`
  ADD PRIMARY KEY (`order_id`),
  ADD KEY `customer_id` (`customer_id`);

--
-- Indexes for table `categories`
--
ALTER TABLE `categories`
  ADD PRIMARY KEY (`index_categ`);

--
-- Indexes for table `customers`
--
ALTER TABLE `customers`
  ADD PRIMARY KEY (`customer_id`);

--
-- Indexes for table `ordered_items`
--
ALTER TABLE `ordered_items`
  ADD PRIMARY KEY (`itemIndex`),
  ADD KEY `product_id` (`product_id`),
  ADD KEY `order_id` (`order_id`);

--
-- Indexes for table `products`
--
ALTER TABLE `products`
  ADD PRIMARY KEY (`product_id`),
  ADD KEY `category` (`category`);

--
-- AUTO_INCREMENT for dumped tables
--

--
-- AUTO_INCREMENT for table `all_orders`
--
ALTER TABLE `all_orders`
  MODIFY `order_id` int(11) NOT NULL AUTO_INCREMENT, AUTO_INCREMENT=1001;

--
-- AUTO_INCREMENT for table `categories`
--
ALTER TABLE `categories`
  MODIFY `index_categ` int(11) NOT NULL AUTO_INCREMENT, AUTO_INCREMENT=9;

--
-- AUTO_INCREMENT for table `ordered_items`
--
ALTER TABLE `ordered_items`
  MODIFY `itemIndex` int(11) NOT NULL AUTO_INCREMENT, AUTO_INCREMENT=1001;

--
-- Constraints for dumped tables
--

--
-- Constraints for table `all_orders`
--
ALTER TABLE `all_orders`
  ADD CONSTRAINT `all_orders_ibfk_1` FOREIGN KEY (`customer_id`) REFERENCES `customers` (`customer_id`) ON DELETE CASCADE;

--
-- Constraints for table `ordered_items`
--
ALTER TABLE `ordered_items`
  ADD CONSTRAINT `ordered_items_ibfk_1` FOREIGN KEY (`product_id`) REFERENCES `products` (`product_id`) ON DELETE SET NULL,
  ADD CONSTRAINT `ordered_items_ibfk_2` FOREIGN KEY (`order_id`) REFERENCES `all_orders` (`order_id`) ON DELETE CASCADE;

--
-- Constraints for table `products`
--
ALTER TABLE `products`
  ADD CONSTRAINT `products_ibfk_1` FOREIGN KEY (`category`) REFERENCES `categories` (`index_categ`) ON DELETE SET NULL;
COMMIT;

/*!40101 SET CHARACTER_SET_CLIENT=@OLD_CHARACTER_SET_CLIENT */;
/*!40101 SET CHARACTER_SET_RESULTS=@OLD_CHARACTER_SET_RESULTS */;
/*!40101 SET COLLATION_CONNECTION=@OLD_COLLATION_CONNECTION */;
